,model_type,dataset,gradient_accumulation_steps,conv1_t_stride,learning_rate,no_max_pool,label_smoothing,bn_size,batch_size,model,widen_factor,act,resnet_type,growth_rate,dropout_prob,warmup_epochs,scheduler_type,weight_decay,mixup_alpha,remove_last_block,optimizer_type,conv1_t_size,densenet_type,init_features
1,,liver,1,,0.0001157107826,,0.0943147039173,4.0,1,densenet,,leakyrelu,,26.0,0.2459345974086,2,warmup,0.0008387864992,0.2130333066856,True,sgd,,densenet121,64.0
2,,liver,2,2.0,0.0029784223443,True,0.0167899916807,,3,resnet,1.4133519891298,gelu,resnet18,,,0,cosine_warmup,2.9521152e-06,0.2077072393235,,adam,5.0,,
3,,liver,1,1.0,0.0001191656287,True,0.157564684576,,2,resnet,1.4897838277086,relu,resnet18,,,2,warmup,3.12220173e-05,0.3552117521792,,adam,3.0,,
4,,liver,1,,0.0034235459731,,0.037474533661,3.0,2,densenet,,gelu,,14.0,0.2403596273042,5,warmup,0.0002191368867,0.3070288921647,False,adamw,,densenet121,47.0
5,,liver,2,,0.0002247051063,,0.1520050522236,2.0,4,densenet,,relu,,21.0,0.1476221420525,1,cosine_warmup,1.1314941e-06,0.3192689709421,True,sgd,,densenet121,53.0
6,,liver,2,,8.53384597e-05,,0.0742285001798,1.0,3,densenet,,relu,,20.0,0.2981538556687,5,cosine_warmup,1.37766005e-05,0.1257045356839,False,sgd,,densenet201,40.0
7,,liver,1,,0.0003481488826,,0.1802632916691,3.0,4,densenet,,gelu,,17.0,0.2677416596838,2,cosine_warmup,0.0003199601786,0.2698837465293,False,sgd,,densenet169,18.0
8,,liver,2,2.0,0.0003991126909,False,0.1146318174986,,3,resnet,1.5676297174442,relu,resnet50,,,3,cosine_warmup,3.25053346e-05,0.1706867847874,,adamw,3.0,,
9,,liver,1,1.0,0.0022870544001,True,0.1196012943164,,1,resnet,1.324622608049,leakyrelu,resnet34,,,2,cosine_warmup,9.6813973e-06,0.2805890504291,,adam,5.0,,
10,,liver,2,,3.83651366e-05,,0.0802815422317,1.0,3,densenet,,leakyrelu,,15.0,0.2766689483057,5,cosine_warmup,0.0006000089413,0.2369298263155,False,sgd,,densenet169,61.0
11,,liver,1,1.0,0.0020782794493,True,0.1436222126802,,1,resnet,1.0041570752524,leakyrelu,resnet50,,,2,warmup,2.34845934e-05,0.3366277519634,,adam,5.0,,
12,,liver,2,2.0,9.5254126e-05,False,0.0698894310446,,1,resnet,1.9938460605298,relu,resnet18,,,4,warmup,4.62806843e-05,0.3430660553879,,adamw,4.0,,
13,,liver,2,1.0,2.04415776e-05,False,0.053031700696,,1,resnet,1.715208503858,relu,resnet34,,,3,warmup,4.05332986e-05,0.179422207517,,sgd,4.0,,
14,,liver,1,2.0,5.0881452e-05,False,0.0219098641709,,4,resnet,1.707515591331,leakyrelu,resnet18,,,4,warmup,1.37293857e-05,0.0020330015214,,adam,6.0,,
15,,liver,2,,0.001810776278,,0.1390941851131,3.0,1,densenet,,gelu,,22.0,0.1429167680469,1,warmup,4.90192767e-05,0.2804497516772,True,sgd,,densenet201,29.0
16,,liver,1,,0.0026233597086,,0.1247583040315,4.0,2,densenet,,relu,,26.0,0.281178606463,5,cosine_warmup,2.40592001e-05,0.1690188821557,False,sgd,,densenet121,47.0
17,,liver,2,2.0,1.05115386e-05,False,0.0575332141462,,3,resnet,1.2020685462039,relu,resnet18,,,2,cosine_warmup,8.1027562e-06,0.0508860237058,,sgd,7.0,,
18,,liver,1,,0.0021349170477,,0.1865772109409,2.0,1,densenet,,relu,,24.0,0.187140063817,1,warmup,0.0004149261303,0.2501456888445,False,sgd,,densenet201,47.0
19,,liver,2,1.0,0.0029016014171,False,0.163789985765,,2,resnet,1.4211731162017,gelu,resnet34,,,5,warmup,0.0006888825194,0.0741319802665,,adam,5.0,,
20,,liver,1,1.0,0.0008542245916,False,0.1087425259251,,1,resnet,1.0648941626382,relu,resnet18,,,1,warmup,0.0001078945898,0.3256137411792,,sgd,5.0,,
21,,liver,1,,0.0007271739928,,0.1095068959882,2.0,3,densenet,,gelu,,22.0,0.189598766984,1,warmup,1.42896357e-05,0.0482713884841,False,adam,,densenet201,51.0
22,,liver,2,2.0,0.0016685781853,True,0.0734124403737,,1,resnet,1.6796379809765,leakyrelu,resnet50,,,3,warmup,0.0002447233203,0.1883840541888,,sgd,5.0,,
23,,liver,1,2.0,1.42170522e-05,False,0.0132901769728,,4,resnet,1.7916556920711,leakyrelu,resnet34,,,0,warmup,6.5199711e-06,0.3704466985865,,adamw,4.0,,
24,,liver,1,2.0,0.0001722384735,True,0.1439443829222,,3,resnet,1.243570221828,gelu,resnet50,,,2,warmup,0.0001334753499,0.1187241858927,,sgd,6.0,,
25,,liver,1,2.0,0.0007859326454,False,0.1700480916738,,3,resnet,1.661544482165,relu,resnet34,,,5,warmup,8.1614532e-05,0.3034894562313,,adam,4.0,,
26,,liver,1,,0.0013190224726,,0.16213940674,1.0,2,densenet,,relu,,25.0,0.0456515062792,2,cosine_warmup,0.0005556364531,0.2195885852418,True,adam,,densenet201,38.0
27,,liver,2,1.0,0.0061091569762,False,0.1377163777618,,1,resnet,1.9577657655067,gelu,resnet50,,,1,cosine_warmup,8.15370859e-05,0.2069770549108,,adam,4.0,,
28,,liver,2,2.0,0.0033294287723,False,0.1003075646747,,2,resnet,1.4433676081331,relu,resnet50,,,1,warmup,1.0247543e-06,0.3759631661511,,sgd,4.0,,
29,,liver,2,1.0,0.0015802217253,False,0.0733096213294,,3,resnet,1.3627496630147,relu,resnet34,,,2,cosine_warmup,3.9123831e-06,0.1207565257423,,sgd,7.0,,
30,,liver,1,2.0,5.18927612e-05,False,0.0893859103017,,3,resnet,1.1336468481227,leakyrelu,resnet50,,,3,warmup,4.06170839e-05,0.3793445917569,,sgd,7.0,,
31,,liver,2,,0.0001923108355,,0.0701643589412,2.0,1,densenet,,leakyrelu,,16.0,0.2565265716934,1,cosine_warmup,0.0009494606509,0.2423155118202,True,adamw,,densenet201,33.0
32,,liver,1,2.0,0.0014873545395,True,0.0525392380492,,2,resnet,1.6195251566049,relu,resnet18,,,0,warmup,0.0001193163442,0.298505771108,,adam,7.0,,
33,,liver,1,,0.0004494101117,,0.1292011913154,2.0,2,densenet,,gelu,,24.0,0.2590084664099,2,cosine_warmup,0.0008064503449,0.1331485560711,False,adamw,,densenet169,33.0
34,,liver,2,,0.0092811508198,,0.1330738948798,4.0,3,densenet,,gelu,,22.0,0.231567824942,0,warmup,5.4373578e-06,0.0768928643254,False,adamw,,densenet121,26.0
35,,liver,1,2.0,6.56337361e-05,True,0.0978728238022,,1,resnet,1.8486067921173,gelu,resnet18,,,0,warmup,0.0008552186181,0.2755406990886,,sgd,5.0,,
36,,liver,1,1.0,0.0001024439477,False,0.0202042863391,,3,resnet,1.9371455134299,gelu,resnet18,,,5,cosine_warmup,1.304006e-06,0.3914452250812,,adamw,7.0,,
37,,liver,2,1.0,4.09209392e-05,True,0.1663845279893,,3,resnet,1.6193363039152,gelu,resnet50,,,2,cosine_warmup,0.0002150089985,0.2991142134399,,sgd,4.0,,
38,,liver,1,2.0,1.36481553e-05,True,0.1687146993212,,4,resnet,1.2291075612053,leakyrelu,resnet50,,,3,cosine_warmup,6.0080928e-06,0.1134684874128,,sgd,7.0,,
39,,liver,2,1.0,3.02923818e-05,False,0.0800306608969,,1,resnet,1.3934273963852,relu,resnet34,,,0,warmup,2.447935e-06,0.2422306038529,,adamw,6.0,,
40,,liver,2,2.0,0.0046184543893,False,0.0876860941211,,3,resnet,1.6932453886051,gelu,resnet18,,,1,cosine_warmup,3.1122652e-06,0.276783762469,,adamw,6.0,,
41,,liver,2,,0.0086810166325,,0.0124461926711,2.0,3,densenet,,leakyrelu,,21.0,0.1362877049346,1,cosine_warmup,1.85595273e-05,0.1915656893317,False,sgd,,densenet201,23.0
42,,liver,2,2.0,0.0001921116592,False,0.1861850517502,,1,resnet,1.5936155726736,leakyrelu,resnet18,,,3,warmup,0.0006011035379,0.3723227609498,,sgd,5.0,,
43,,liver,1,,5.82420016e-05,,0.0527332267074,4.0,2,densenet,,relu,,30.0,0.0813406392622,1,cosine_warmup,0.0001049852713,0.1956609901298,False,sgd,,densenet169,33.0
44,,liver,2,,0.0022745807816,,0.1364936201751,4.0,1,densenet,,relu,,17.0,0.1009259538865,0,cosine_warmup,5.6418127e-06,0.2707497889217,True,adamw,,densenet201,17.0
45,,liver,2,,0.0002866922228,,0.1059577414984,3.0,3,densenet,,relu,,22.0,0.1917104239012,0,warmup,3.2760272e-06,0.1572122584873,True,adam,,densenet121,17.0
46,,liver,1,,0.0030536336443,,0.1664438025297,1.0,1,densenet,,relu,,28.0,0.0527064904641,5,cosine_warmup,2.0062618e-06,0.0645905584317,True,adam,,densenet169,25.0
47,,liver,1,1.0,0.000174424893,False,0.1346566328018,,4,resnet,1.0430237554714,relu,resnet18,,,0,cosine_warmup,6.2545831e-06,0.3740962016071,,adamw,7.0,,
48,,liver,2,,0.00038098735,,0.0701492411677,1.0,1,densenet,,relu,,27.0,0.1603267563198,0,cosine_warmup,3.863123e-06,0.0708952422504,True,adam,,densenet201,53.0
49,,liver,1,,6.0113924e-05,,0.0777338562278,2.0,1,densenet,,gelu,,31.0,0.0111225948255,1,cosine_warmup,0.0001613650687,0.0654748170421,False,adamw,,densenet169,58.0
50,,liver,1,2.0,0.0010911653287,True,0.1509218657683,,1,resnet,1.1743030815624,leakyrelu,resnet18,,,1,warmup,0.0002672252812,0.2737894603137,,adam,3.0,,
51,,liver,1,1.0,0.0009826439148,True,0.1706123065337,,1,resnet,1.7341437591702,leakyrelu,resnet50,,,4,cosine_warmup,2.10306096e-05,0.0252697050448,,sgd,7.0,,
52,,liver,1,2.0,0.0002559854281,True,0.1777378493159,,2,resnet,1.9653512442573,relu,resnet18,,,3,warmup,1.0208682e-06,0.2293071295527,,sgd,5.0,,
53,,liver,1,1.0,0.0004954337305,True,0.0871832323779,,2,resnet,1.8919438329445,relu,resnet34,,,0,cosine_warmup,4.7919245e-06,0.0111535257109,,adam,4.0,,
54,,liver,1,,0.0001043259497,,0.0719786946389,4.0,3,densenet,,leakyrelu,,16.0,0.1064217717145,3,cosine_warmup,1.68491836e-05,0.2796287005422,True,adam,,densenet201,45.0
55,,liver,2,,0.0015992700541,,0.0379982240672,1.0,4,densenet,,relu,,26.0,0.0257357098195,4,warmup,0.0001600858326,0.0352036801867,True,adam,,densenet201,41.0
56,,liver,2,1.0,0.0031706897275,True,0.011898832289,,2,resnet,1.954504897222,leakyrelu,resnet50,,,1,warmup,2.8750736e-06,0.0205521173059,,adamw,4.0,,
57,,liver,1,,1.01711818e-05,,0.1602222726143,3.0,2,densenet,,gelu,,23.0,0.1757260352144,5,cosine_warmup,0.0008489579961,0.0688948732712,True,sgd,,densenet201,61.0
58,,liver,2,2.0,0.0023249249436,True,0.1038987683926,,1,resnet,1.6702042872631,relu,resnet50,,,0,cosine_warmup,2.3512054e-06,0.0408948219479,,adam,4.0,,
59,,liver,1,2.0,0.0020197649738,True,0.0287253753841,,2,resnet,1.4138917156076,gelu,resnet34,,,0,warmup,0.0007801832268,0.2935875381879,,sgd,4.0,,
60,,liver,1,2.0,4.99307606e-05,False,0.0147014347169,,4,resnet,1.9840010358694,leakyrelu,resnet18,,,1,cosine_warmup,4.3561169e-06,0.3494719996358,,sgd,6.0,,
61,,liver,2,,0.0001133038881,,0.0894700864831,3.0,2,densenet,,leakyrelu,,31.0,0.0192927531416,1,warmup,0.0001188697963,0.2352738890145,True,adamw,,densenet169,28.0
62,,liver,2,,0.0005567560074,,0.0162734615498,3.0,2,densenet,,gelu,,25.0,0.0018043011341,2,cosine_warmup,2.2327955e-06,0.2927047587608,True,adam,,densenet201,64.0
63,,liver,1,,0.0001233168394,,0.1028151101264,1.0,1,densenet,,gelu,,25.0,0.2939192063958,3,warmup,1.24377317e-05,0.0703579539915,True,sgd,,densenet201,17.0
64,,liver,2,2.0,0.0001785878941,True,0.1464162134769,,2,resnet,1.1863347539816,relu,resnet34,,,4,cosine_warmup,0.0005037008309,0.165169526795,,sgd,3.0,,
65,,liver,2,,0.0048338692698,,0.0440960481123,2.0,1,densenet,,relu,,27.0,0.1676125909469,0,cosine_warmup,1.3534555e-05,0.3185353613887,False,sgd,,densenet169,30.0
66,,liver,2,2.0,0.0001409772219,False,0.1415284478866,,4,resnet,1.5217410302798,gelu,resnet50,,,4,warmup,0.0002766633816,0.1140474615812,,adam,4.0,,
67,,liver,2,1.0,8.08711028e-05,True,0.0014647334527,,1,resnet,1.4843271161291,leakyrelu,resnet50,,,3,cosine_warmup,0.0001083637524,0.0061874116089,,adam,4.0,,
68,,liver,1,,2.00406109e-05,,0.0552986268217,3.0,3,densenet,,leakyrelu,,31.0,0.0776343898971,4,warmup,0.0001608951586,0.0819475165716,False,adamw,,densenet201,61.0
69,,liver,1,2.0,0.0016402816461,True,0.1888785438024,,3,resnet,1.3469252386572,relu,resnet18,,,1,warmup,5.8528709e-06,0.2958472550932,,adamw,5.0,,
70,,liver,2,,0.0007699189876,,0.0773646817714,3.0,2,densenet,,gelu,,31.0,0.1896658885676,3,warmup,7.77586973e-05,0.1654874130318,True,adam,,densenet169,22.0
71,,liver,1,,0.009780883884,,0.1428850120073,4.0,3,densenet,,gelu,,20.0,0.1781174778736,2,warmup,2.4080562e-06,0.2054217370686,True,adam,,densenet169,30.0
72,,liver,2,1.0,0.0003256220481,True,0.0673059268537,,3,resnet,1.5132045611399,gelu,resnet34,,,5,warmup,2.82776161e-05,0.0206058825174,,sgd,6.0,,
73,,liver,1,2.0,0.000787499864,False,0.1735060291607,,4,resnet,1.6379961153978,leakyrelu,resnet50,,,2,cosine_warmup,9.96148545e-05,0.324839971477,,adam,5.0,,
74,,liver,2,1.0,0.0024666099205,False,0.0175372698591,,2,resnet,1.3750632799591,leakyrelu,resnet34,,,5,cosine_warmup,1.69768623e-05,0.1911264518063,,sgd,7.0,,
75,,liver,1,1.0,1.38530442e-05,True,0.0437499464255,,3,resnet,1.3846335937658,gelu,resnet34,,,0,cosine_warmup,0.0006399105159,0.3344794657064,,sgd,7.0,,
76,,liver,2,2.0,0.0002426381304,True,0.1878525550626,,4,resnet,1.0555355037288,relu,resnet18,,,4,cosine_warmup,0.0004001750884,0.2185175955409,,adamw,6.0,,
77,,liver,1,,1.15737374e-05,,0.1760172815623,4.0,2,densenet,,relu,,18.0,0.0801207810266,4,cosine_warmup,2.69750191e-05,0.3682019799605,False,sgd,,densenet121,60.0
78,,liver,2,,0.009856932983,,0.1629652384983,4.0,1,densenet,,leakyrelu,,32.0,0.1065096411485,2,warmup,0.0007716198426,0.303829431698,True,sgd,,densenet169,38.0
79,,liver,1,,0.0059234722027,,0.0291288170457,1.0,1,densenet,,leakyrelu,,25.0,0.0198828742703,2,cosine_warmup,0.0005169158229,0.1847764308156,False,adamw,,densenet121,20.0
80,,liver,1,,4.85483642e-05,,0.0054845921161,3.0,1,densenet,,leakyrelu,,21.0,0.1054108133531,2,cosine_warmup,3.6011822e-06,0.0398862561737,False,adam,,densenet121,61.0
81,,liver,1,,0.000740189965,,0.1768521583398,4.0,4,densenet,,gelu,,27.0,0.1096147131752,3,warmup,0.0002026521655,0.0223483397669,False,sgd,,densenet169,23.0
82,,liver,1,,0.0057007167289,,0.0785656473536,3.0,2,densenet,,leakyrelu,,25.0,0.0120865939148,5,cosine_warmup,2.14562996e-05,0.2123162607057,False,adam,,densenet201,34.0
83,,liver,2,1.0,5.96303918e-05,True,0.106783729327,,2,resnet,1.8520543346039,relu,resnet34,,,5,cosine_warmup,3.72319392e-05,0.1460878274389,,adamw,5.0,,
84,,liver,1,,0.0002411077276,,0.0016261673911,2.0,2,densenet,,relu,,31.0,0.2933824148536,5,warmup,1.05060981e-05,0.3873380010034,True,adamw,,densenet121,18.0
85,,liver,1,1.0,0.006169172652,False,0.1665198577889,,3,resnet,1.6320544502098,leakyrelu,resnet34,,,0,cosine_warmup,0.0003318180479,0.2545482282452,,sgd,4.0,,
86,,liver,1,2.0,1.99254788e-05,False,0.1899847566945,,1,resnet,1.8614684565696,gelu,resnet34,,,4,cosine_warmup,5.22361339e-05,0.2957513915209,,adamw,3.0,,
87,,liver,1,1.0,0.0013665579224,True,0.1099502866897,,2,resnet,1.4946397630287,gelu,resnet18,,,3,warmup,0.0007912388855,0.2004312659682,,sgd,5.0,,
88,,liver,1,1.0,7.61213143e-05,True,0.1600118170017,,4,resnet,1.8140708827971,leakyrelu,resnet34,,,5,warmup,2.26763e-06,0.1821528577273,,adam,6.0,,
89,,liver,1,1.0,0.0027944268159,True,0.0013117980716,,4,resnet,1.6867326402415,leakyrelu,resnet18,,,3,cosine_warmup,4.0985717e-05,0.085042460043,,adam,7.0,,
90,,liver,1,,4.54670974e-05,,0.1601964737705,1.0,1,densenet,,relu,,25.0,0.1084483006395,0,cosine_warmup,2.33945181e-05,0.0827247972253,True,adam,,densenet169,41.0
91,,liver,1,2.0,0.0029097582215,False,0.1338024546817,,2,resnet,1.8933665725499,relu,resnet34,,,4,warmup,0.0004047591122,0.2882293520575,,sgd,6.0,,
92,,liver,1,,0.0004562161698,,0.1375372753151,3.0,4,densenet,,relu,,26.0,0.2136937020432,2,cosine_warmup,1.61553e-06,0.3283677317313,True,adamw,,densenet201,17.0
93,,liver,1,,0.0032477488439,,0.1364274820583,4.0,2,densenet,,leakyrelu,,18.0,0.2715220463627,1,warmup,7.3224838e-06,0.3437969413637,False,adamw,,densenet169,16.0
94,,liver,2,2.0,0.0049037540541,False,0.0548741706103,,3,resnet,1.4530011074385,leakyrelu,resnet34,,,4,cosine_warmup,2.34973255e-05,0.1181986352641,,adamw,3.0,,
95,,hcc,2,2.0,0.0006680593467,True,0.0002344693361,,3,resnet,1.3097042784674,relu,resnet34,,,4,warmup,1.04250619e-05,0.3907743445877,,adam,3.0,,
96,,hcc,1,1.0,7.16815899e-05,True,0.1257897535121,,3,resnet,1.6164446875793,gelu,resnet50,,,1,warmup,2.0140419e-05,0.0489561095847,,adamw,5.0,,
97,,hcc,2,2.0,0.0072541695977,False,0.0652972304066,,4,resnet,1.4112073404968,relu,resnet34,,,4,warmup,0.0002019721322,0.3473736208157,,adam,7.0,,
98,,hcc,1,1.0,0.0009158709953,True,0.0689620837266,,4,resnet,1.9666102005898,leakyrelu,resnet50,,,1,warmup,9.9888425e-06,0.1965507940068,,sgd,7.0,,
99,,hcc,2,,0.0021042571715,,0.0654545266387,4.0,2,densenet,,gelu,,19.0,0.1363756493711,5,cosine_warmup,0.000917079606,0.128514073694,False,adam,,densenet169,63.0
100,,hcc,2,,0.0044491022136,,0.1681663663178,2.0,3,densenet,,gelu,,28.0,0.2147093925012,1,warmup,6.99994616e-05,0.1598962109068,False,sgd,,densenet169,35.0
101,,hcc,1,1.0,1.08953041e-05,False,0.1699023213225,,3,resnet,1.3063742398184,leakyrelu,resnet18,,,1,cosine_warmup,0.0008507816707,0.3363217124157,,sgd,5.0,,
102,,hcc,1,1.0,0.0001397804268,True,0.052229351846,,4,resnet,1.2280277383455,gelu,resnet34,,,3,cosine_warmup,6.53919968e-05,0.0883768710762,,adam,5.0,,
103,,hcc,1,1.0,0.0012245666945,False,0.0622126848041,,2,resnet,1.5601672105406,gelu,resnet50,,,1,warmup,7.9304069e-06,0.0900624257469,,adam,7.0,,
104,,hcc,1,,0.0034032978967,,0.1773851012568,1.0,1,densenet,,leakyrelu,,21.0,0.2423412869563,1,warmup,5.8523956e-06,0.3708485119502,True,adamw,,densenet169,57.0
105,,hcc,1,,0.0079682096873,,0.0803893843732,4.0,2,densenet,,leakyrelu,,13.0,0.2273672270602,5,warmup,2.83230457e-05,0.3788720727785,False,sgd,,densenet169,23.0
106,,hcc,1,,0.0003362530489,,0.0697540699188,1.0,3,densenet,,leakyrelu,,14.0,0.1434209295095,3,cosine_warmup,8.98593276e-05,0.1869770302765,False,sgd,,densenet201,35.0
107,,hcc,2,,0.0024784308676,,0.1795379170272,4.0,4,densenet,,leakyrelu,,25.0,0.0077117869434,3,warmup,3.15225225e-05,0.1048085079595,True,adamw,,densenet169,53.0
108,,hcc,2,1.0,1.04447843e-05,False,0.1811731206846,,1,resnet,1.9839543664137,gelu,resnet18,,,0,cosine_warmup,0.0001831370526,0.0097093357671,,adamw,4.0,,
109,,hcc,2,1.0,0.0008417018558,True,0.0253737692636,,1,resnet,1.326208449789,relu,resnet34,,,2,warmup,5.87009243e-05,0.2914555869017,,adamw,6.0,,
110,,hcc,2,,0.0001067291379,,0.1176548340532,1.0,3,densenet,,relu,,28.0,0.1759092142737,4,cosine_warmup,1.5674035e-06,0.1615705818058,True,adamw,,densenet121,45.0
111,,hcc,2,,0.0003017297505,,0.1241974414735,2.0,3,densenet,,leakyrelu,,14.0,0.0908594433789,4,warmup,8.79908522e-05,0.1973743947223,False,sgd,,densenet121,64.0
112,,hcc,2,1.0,0.0003669098049,False,0.160849647932,,2,resnet,1.3000088865075,relu,resnet18,,,5,cosine_warmup,5.01738385e-05,0.090535835852,,adam,6.0,,
113,,hcc,1,,0.0004012016087,,0.0624207939233,4.0,1,densenet,,gelu,,13.0,0.1655864984144,0,warmup,2.2238902e-06,0.3428757893248,True,adamw,,densenet169,38.0
114,,hcc,2,1.0,0.000147558666,False,0.0937134468192,,2,resnet,1.8179808919678,leakyrelu,resnet50,,,2,cosine_warmup,4.0875715e-06,0.2244833770904,,adamw,4.0,,
115,,hcc,1,2.0,0.0099531614297,True,0.0503276769688,,1,resnet,1.8374980196795,gelu,resnet18,,,0,cosine_warmup,0.000460686,0.1835484630212,,adamw,5.0,,
116,,hcc,1,,2.09745873e-05,,0.0506117541206,4.0,1,densenet,,leakyrelu,,15.0,0.021184727092,1,warmup,0.0003373588002,0.3607581249699,False,adam,,densenet201,35.0
117,,hcc,2,,0.0078606688721,,0.0850434666759,4.0,3,densenet,,gelu,,24.0,0.2726432159218,4,cosine_warmup,1.85489272e-05,0.2679639989117,False,sgd,,densenet169,17.0
118,,hcc,1,2.0,0.0054265997395,False,0.1837014336089,,3,resnet,1.4755968798598,relu,resnet34,,,5,warmup,1.0869433e-06,0.1233190831313,,sgd,6.0,,
119,,hcc,2,,0.0032773908906,,0.110548033886,3.0,2,densenet,,leakyrelu,,12.0,0.1949821688199,3,warmup,7.20590115e-05,0.2515952413585,True,adamw,,densenet169,23.0
120,,hcc,2,2.0,0.0006513089335,True,0.118341386263,,3,resnet,1.7652901906432,leakyrelu,resnet18,,,2,cosine_warmup,3.0778513e-06,0.0464449522021,,sgd,5.0,,
121,,hcc,1,2.0,0.0013601478629,True,0.1394137593299,,2,resnet,1.2684560857569,relu,resnet18,,,0,warmup,6.84716124e-05,0.2889886641756,,adam,6.0,,
122,,hcc,2,2.0,0.0001610635861,True,0.1422785905218,,3,resnet,1.7832649663549,gelu,resnet34,,,1,cosine_warmup,2.055517e-06,0.1536574704472,,adamw,6.0,,
123,,hcc,1,1.0,0.0046685944766,True,0.0695325805108,,4,resnet,1.6570045690205,leakyrelu,resnet18,,,1,warmup,4.7634853e-06,0.1420062354295,,adam,7.0,,
124,,hcc,2,,1.96586346e-05,,0.0205737415788,1.0,3,densenet,,gelu,,23.0,0.2040816133398,4,warmup,1.17856561e-05,0.0420153667561,False,sgd,,densenet169,17.0
125,,hcc,2,,2.31209714e-05,,0.1841803023195,2.0,3,densenet,,leakyrelu,,14.0,0.1511277373354,3,warmup,9.29765554e-05,0.3279115332272,True,sgd,,densenet201,16.0
126,,hcc,1,,4.29416771e-05,,0.0190689477413,4.0,4,densenet,,leakyrelu,,30.0,0.2711820231213,1,warmup,2.75304579e-05,0.0784036632294,False,sgd,,densenet201,22.0
127,,hcc,1,1.0,0.0067160035962,False,0.1636907187635,,4,resnet,1.8318790561955,relu,resnet34,,,0,warmup,3.3295887e-06,0.1393340474928,,adamw,7.0,,
128,,hcc,1,,0.0009189819477,,0.1874647740374,1.0,3,densenet,,relu,,24.0,0.1288307181159,4,cosine_warmup,0.0001272028296,0.321231866587,False,adam,,densenet121,17.0
129,,hcc,2,2.0,1.39371272e-05,False,0.0021260688022,,4,resnet,1.1317983120054,leakyrelu,resnet50,,,4,warmup,2.5269349e-06,0.048575663683,,adam,4.0,,
130,,hcc,1,1.0,0.0001782360795,True,0.1948341060133,,1,resnet,1.6393953339693,gelu,resnet34,,,3,cosine_warmup,4.4050614e-06,0.3816993146292,,adam,7.0,,
131,,hcc,2,2.0,0.0004291323383,False,0.0946379935666,,3,resnet,1.00539331339,gelu,resnet34,,,5,warmup,4.1239747e-06,0.2637367912811,,sgd,3.0,,
132,,hcc,1,,0.0024261998343,,0.1404502695224,3.0,4,densenet,,relu,,31.0,0.0625962199776,4,warmup,2.77867192e-05,0.0847576933443,False,adamw,,densenet121,52.0
133,,hcc,2,2.0,0.0001545010167,True,0.1848129709194,,1,resnet,1.6302193183827,gelu,resnet34,,,3,cosine_warmup,2.2264145e-06,0.1458437165848,,adam,5.0,,
134,,bflair,1,,0.0001742856902,,0.0611107047929,1.0,3,densenet,,leakyrelu,,13.0,0.131069824055,0,warmup,1.63669733e-05,0.2280672763728,False,adamw,,densenet201,59.0
135,,bflair,2,,0.0056761369406,,0.1760227887017,3.0,3,densenet,,relu,,27.0,0.0134519401285,2,cosine_warmup,0.0001227974585,0.1264564589157,True,adamw,,densenet201,34.0
136,,bflair,1,,5.78346343e-05,,0.1277003880444,3.0,1,densenet,,relu,,21.0,0.2564901275972,5,cosine_warmup,2.40585562e-05,0.048914574121,True,sgd,,densenet169,32.0
137,,bflair,1,2.0,6.78862566e-05,True,0.0291851617827,,1,resnet,1.6867976644886,gelu,resnet34,,,2,cosine_warmup,9.2197135e-05,0.0017750611915,,sgd,7.0,,
138,,bflair,2,,0.0005778201238,,0.0778982643587,1.0,4,densenet,,relu,,22.0,0.0832565669527,0,warmup,8.6336965e-06,0.1361820327797,True,sgd,,densenet169,55.0
139,,bflair,2,,0.0047953113966,,0.0235875346123,2.0,1,densenet,,leakyrelu,,28.0,0.2781204279207,3,cosine_warmup,6.7740475e-06,0.0577856643599,False,adam,,densenet121,33.0
140,,bflair,2,,5.62834326e-05,,0.0912292336119,4.0,2,densenet,,relu,,22.0,0.0986151237078,3,warmup,0.0001126919228,0.0577187762911,False,adamw,,densenet169,35.0
141,,bflair,1,1.0,3.48598468e-05,False,0.0547855719677,,1,resnet,1.2695129599214,gelu,resnet34,,,4,warmup,0.0008624981335,0.2795428120329,,adamw,6.0,,
142,,bflair,1,,0.0001413141487,,0.1050903521127,3.0,4,densenet,,leakyrelu,,23.0,0.1173237036845,4,cosine_warmup,0.0006686439803,0.1464364121184,True,adamw,,densenet169,47.0
143,,bflair,2,,0.0051784549882,,0.0437170439309,2.0,3,densenet,,gelu,,18.0,0.1560984032373,0,cosine_warmup,0.0002264730419,0.0163338794335,False,sgd,,densenet121,50.0
144,,bflair,2,,0.0005320778704,,0.1817609242306,1.0,2,densenet,,relu,,22.0,0.2237135912615,1,cosine_warmup,1.69819705e-05,0.1001919769141,False,adam,,densenet169,49.0
145,,bflair,1,,0.0070376845259,,0.1399231261168,4.0,2,densenet,,relu,,29.0,0.1787853729305,0,warmup,0.0005653058103,0.0511201726881,False,adam,,densenet121,17.0
146,,bflair,1,1.0,0.0026105037892,False,0.0964331882278,,4,resnet,1.4659228995139,relu,resnet18,,,1,cosine_warmup,1.01402192e-05,0.1200604807336,,adamw,7.0,,
147,,bflair,1,,2.55906795e-05,,0.0621307944481,1.0,3,densenet,,relu,,25.0,0.2476119419106,4,warmup,0.0002494716125,0.3854442128768,True,adamw,,densenet121,55.0
148,,bflair,2,,2.42995964e-05,,0.0568359183935,1.0,1,densenet,,relu,,25.0,0.0806399795697,0,warmup,5.06968922e-05,0.2736085331082,False,adamw,,densenet169,61.0
149,,bflair,1,2.0,0.0005725444647,False,0.0407018367712,,4,resnet,1.2573810185097,leakyrelu,resnet18,,,3,warmup,3.12555124e-05,0.0453047364955,,adam,6.0,,
150,,bflair,1,,0.0006099116914,,0.0065447905509,1.0,2,densenet,,gelu,,32.0,0.1017321222664,4,warmup,2.4063929e-06,0.075171326168,False,adam,,densenet201,34.0
151,,bflair,1,2.0,0.0003472906751,False,0.0665963109316,,3,resnet,1.6090637727824,relu,resnet50,,,2,cosine_warmup,0.0001813233751,0.3543004404709,,adamw,4.0,,
152,,bflair,2,2.0,1.37588882e-05,True,0.0023748439157,,4,resnet,1.5363968936066,relu,resnet50,,,5,warmup,3.1224069e-06,0.3362709131956,,adam,4.0,,
153,,bflair,2,1.0,0.0020270263006,True,0.0092602961872,,2,resnet,1.7149768809241,relu,resnet18,,,0,warmup,0.0002761954628,0.2768771493945,,sgd,5.0,,
154,,bflair,2,2.0,0.0004709465694,True,0.027850105977,,4,resnet,1.4304365590497,gelu,resnet18,,,2,cosine_warmup,4.1752841e-06,0.0524390143458,,adamw,4.0,,
155,,bflair,2,,0.0028669225524,,0.175514820685,1.0,3,densenet,,gelu,,26.0,0.0115699972905,3,cosine_warmup,0.000553006689,0.3620873676078,True,sgd,,densenet121,19.0
156,,bflair,1,2.0,2.21198666e-05,True,0.1833298157248,,1,resnet,1.589729179883,relu,resnet18,,,5,warmup,0.0004599734163,0.281706704885,,sgd,7.0,,
157,,bflair,2,,0.0017288430924,,0.0153760862775,4.0,2,densenet,,leakyrelu,,12.0,0.2262544024573,1,warmup,0.0001926992426,0.2032473241827,True,adamw,,densenet121,63.0
158,,bflair,2,2.0,5.44397309e-05,False,0.1115333011112,,1,resnet,1.6938050035217,gelu,resnet34,,,0,warmup,2.7820396e-06,0.3744354739976,,adamw,3.0,,
159,,bflair,2,1.0,0.0023991474202,False,0.0171245660174,,4,resnet,1.6532604422957,relu,resnet50,,,1,warmup,6.5384174e-06,0.2015604339435,,sgd,4.0,,
160,,bflair,2,,0.0001880866564,,0.1042619791204,3.0,4,densenet,,gelu,,21.0,0.2598949335369,5,cosine_warmup,7.6102226e-06,0.0907331532722,False,adam,,densenet169,64.0
161,,bflair,1,1.0,1.6425773e-05,False,0.0960687689067,,3,resnet,1.3763424939796,relu,resnet50,,,5,cosine_warmup,0.0003932711602,0.3056438496006,,adamw,3.0,,
162,,bflair,2,,0.0011978230982,,0.1462631362177,2.0,2,densenet,,relu,,28.0,0.000124120326,4,cosine_warmup,3.81787155e-05,0.3733498485516,True,sgd,,densenet121,40.0
163,,bflair,2,1.0,2.76788983e-05,False,0.0393180455846,,2,resnet,1.2179833611012,leakyrelu,resnet50,,,4,cosine_warmup,6.542877e-06,0.2270136059077,,adam,6.0,,
164,,bflair,1,,0.0012757426286,,0.1116673872457,2.0,3,densenet,,relu,,24.0,0.2927995955736,5,cosine_warmup,1.0139553e-06,0.2586610453184,True,adamw,,densenet201,58.0
165,,bflair,2,,0.0011127415471,,0.0966932440983,2.0,1,densenet,,relu,,14.0,0.173232205661,0,warmup,6.2432116e-06,0.2825668649634,True,adam,,densenet121,23.0
166,,bflair,2,,0.0012891286469,,0.1544357901426,3.0,4,densenet,,leakyrelu,,12.0,0.2613830843636,1,cosine_warmup,1.6540671e-06,0.3557043027577,True,adamw,,densenet121,47.0
167,,bflair,1,1.0,0.0001745974634,False,0.1494013581286,,2,resnet,1.6335233364682,leakyrelu,resnet34,,,5,cosine_warmup,0.0002258261893,0.0469048558284,,adamw,3.0,,
168,,bflair,2,,0.0055484875399,,0.1429653578139,3.0,1,densenet,,leakyrelu,,12.0,0.2111450044234,2,cosine_warmup,0.0001494611228,0.0971199525277,True,sgd,,densenet169,50.0
169,,bflair,1,1.0,7.07692847e-05,False,0.0404508395796,,1,resnet,1.0369970980864,gelu,resnet34,,,3,warmup,1.02604711e-05,0.2006506035146,,adam,6.0,,
170,,bflair,1,2.0,4.17632529e-05,True,0.1037087018805,,3,resnet,1.5941661533153,gelu,resnet34,,,3,cosine_warmup,3.63966324e-05,0.1804379571757,,adamw,4.0,,
171,,bflair,2,1.0,0.0007504026852,True,0.0251073188303,,3,resnet,1.4734920154108,leakyrelu,resnet34,,,0,cosine_warmup,6.2865011e-06,0.3173333856511,,adam,6.0,,
172,,bflair,2,1.0,9.21378523e-05,True,0.0238331529857,,2,resnet,1.5303504589086,gelu,resnet50,,,4,warmup,5.2098171e-06,0.2517774223566,,adamw,5.0,,
173,,bflair,2,2.0,0.0005891901449,False,0.1807370069833,,1,resnet,1.8900554931594,leakyrelu,resnet34,,,5,cosine_warmup,2.3777363e-06,0.3944250071694,,adam,7.0,,
174,,bflair,1,,0.0008878882732,,0.1942711352129,4.0,2,densenet,,leakyrelu,,18.0,0.1785836158316,3,warmup,2.82475739e-05,0.0962604389905,True,adam,,densenet121,20.0
175,,bflair,1,2.0,1.78569688e-05,True,0.16348385953,,3,resnet,1.5625491148873,gelu,resnet18,,,4,cosine_warmup,1.66683073e-05,0.2988433235907,,adamw,5.0,,
176,,bflair,1,,1.09754535e-05,,0.0372394962293,3.0,4,densenet,,leakyrelu,,15.0,0.0937373828995,0,warmup,0.0002260124975,0.0843522005155,True,adamw,,densenet121,31.0
177,,bflair,1,,1.73190867e-05,,0.0575256867966,3.0,1,densenet,,relu,,20.0,0.1941215932082,2,cosine_warmup,0.0001215801645,0.01922170037,True,sgd,,densenet201,20.0
178,,bflair,1,1.0,0.0011051909306,False,0.1595244059647,,2,resnet,1.6813412040083,relu,resnet18,,,5,cosine_warmup,0.0002315782634,0.0137079620637,,sgd,3.0,,
179,,bflair,2,,0.0002947693382,,0.0528901733436,4.0,4,densenet,,gelu,,13.0,0.2905738374976,2,cosine_warmup,2.25684872e-05,0.1772558037479,True,adamw,,densenet121,55.0
180,,bflair,1,1.0,7.41367603e-05,False,0.1579156954128,,3,resnet,1.0804469489709,gelu,resnet18,,,4,warmup,1.30189624e-05,0.298543623888,,adamw,5.0,,
181,,bflair,2,1.0,5.72304853e-05,False,0.0907263069462,,2,resnet,1.5227121390699,relu,resnet50,,,3,warmup,2.01277887e-05,0.0139838768582,,sgd,3.0,,
182,,bflair,2,,0.0026323071573,,0.0526320317683,1.0,1,densenet,,leakyrelu,,21.0,0.0783492094682,5,cosine_warmup,0.0008672713119,0.141723912511,False,adamw,,densenet121,56.0
183,,crlm,1,,1.0600417e-05,,0.0496969043425,2.0,2,densenet,,gelu,,21.0,0.2660299073356,1,cosine_warmup,4.86185514e-05,0.1938832286011,False,sgd,,densenet121,19.0
184,,crlm,2,,0.0001237944165,,0.1190412031683,2.0,2,densenet,,relu,,31.0,0.2600158368403,2,warmup,0.0001785604612,0.0735591968305,False,sgd,,densenet169,57.0
185,,crlm,1,,0.0001605387921,,0.1493313913995,1.0,4,densenet,,relu,,27.0,0.2722204969793,1,cosine_warmup,2.50423301e-05,0.0139240561463,True,sgd,,densenet201,39.0
186,,crlm,2,,0.0038409983455,,0.0045835364831,1.0,2,densenet,,gelu,,15.0,0.0874544572845,3,warmup,6.1070824e-06,0.0138539217285,True,adam,,densenet169,32.0
187,,crlm,1,1.0,0.0040489327528,False,0.0610649360134,,3,resnet,1.6744857338659,leakyrelu,resnet50,,,1,cosine_warmup,1.12590604e-05,0.3167078067261,,sgd,7.0,,
188,,crlm,1,1.0,0.0006350522372,True,0.1382807517055,,4,resnet,1.6093601418752,relu,resnet50,,,5,cosine_warmup,0.0001140211755,0.304187978787,,adam,6.0,,
189,,crlm,1,1.0,1.48084027e-05,True,0.038579840165,,4,resnet,1.5205707098289,relu,resnet50,,,1,cosine_warmup,9.4103635e-06,0.0185803170309,,adamw,6.0,,
190,,crlm,1,1.0,0.003161002703,False,0.0626460629222,,4,resnet,1.725101702034,leakyrelu,resnet18,,,3,cosine_warmup,3.39363177e-05,0.0780048309036,,adamw,7.0,,
191,,crlm,1,,1.93694833e-05,,0.0278365887786,1.0,4,densenet,,leakyrelu,,18.0,0.2140773011616,4,cosine_warmup,1.6991517e-05,0.0389406808622,False,adamw,,densenet169,53.0
192,,crlm,1,,2.12058221e-05,,0.1181705532179,2.0,4,densenet,,relu,,31.0,0.1512401310596,2,warmup,0.000693549929,0.2750286503704,False,adamw,,densenet121,50.0
193,,crlm,1,,0.0004848601117,,0.1459210082875,2.0,2,densenet,,leakyrelu,,22.0,0.2900283691229,3,warmup,8.7207799e-06,0.2483815627158,True,adamw,,densenet121,26.0
194,,crlm,2,,0.0003605434848,,0.0781465500944,4.0,1,densenet,,gelu,,31.0,0.023743273951,2,cosine_warmup,2.6453744e-06,0.1179165473587,False,adamw,,densenet169,29.0
195,,crlm,1,2.0,1.89020302e-05,False,0.1695199457104,,2,resnet,1.1751062774002,relu,resnet18,,,4,cosine_warmup,6.1828199e-06,0.2166425169941,,sgd,3.0,,
196,,crlm,1,,0.0055156130994,,0.1294426451678,4.0,4,densenet,,gelu,,28.0,0.0379286379406,3,warmup,8.52776831e-05,0.3839295004477,False,sgd,,densenet169,61.0
197,,crlm,2,,0.0073117130596,,0.0526178733311,3.0,2,densenet,,leakyrelu,,19.0,0.1480905212488,3,cosine_warmup,3.65641765e-05,0.3666502604089,True,adamw,,densenet121,30.0
198,,crlm,1,,4.31268204e-05,,0.103759299785,4.0,4,densenet,,gelu,,31.0,0.0600925580549,2,cosine_warmup,0.0001272088226,0.031952254873,True,sgd,,densenet169,53.0
199,,crlm,1,,0.0046042343356,,0.1333274484242,1.0,1,densenet,,leakyrelu,,15.0,0.1959118714616,0,cosine_warmup,1.0260749e-06,0.0464502038926,False,sgd,,densenet169,24.0
200,,crlm,1,,6.64015847e-05,,0.0127232615676,3.0,2,densenet,,relu,,30.0,0.0818973030467,1,cosine_warmup,0.0002652607355,0.0173201641071,True,adamw,,densenet169,51.0
201,,crlm,1,,0.000857777537,,0.1270206079872,2.0,2,densenet,,relu,,31.0,0.2252542654114,5,warmup,0.0008851641167,0.0767494910598,False,adam,,densenet201,54.0
202,,crlm,1,,2.70828183e-05,,0.1332860659133,2.0,3,densenet,,gelu,,24.0,0.0035321643652,1,warmup,0.0004420823454,0.34777374798,False,sgd,,densenet169,57.0
203,,crlm,2,2.0,1.38121865e-05,True,0.1993529793145,,4,resnet,1.5913514468857,leakyrelu,resnet18,,,2,warmup,6.11091509e-05,0.0526869770279,,adam,6.0,,
204,,crlm,1,,4.51944325e-05,,0.02521057636,4.0,3,densenet,,relu,,12.0,0.1892574809141,2,warmup,2.81742723e-05,0.0607227498276,False,sgd,,densenet201,18.0
205,,crlm,1,,4.96506052e-05,,0.1604017266521,4.0,2,densenet,,relu,,25.0,0.2845048850037,0,warmup,1.1597384e-06,0.201111261761,True,adam,,densenet201,56.0
206,,crlm,1,,0.0015551233939,,0.0703107425311,2.0,2,densenet,,leakyrelu,,25.0,0.2445520181429,0,warmup,9.4364166e-06,0.1157471706751,False,adamw,,densenet121,24.0
207,,crlm,2,2.0,4.92748782e-05,True,0.0973461013767,,4,resnet,1.0772740226136,relu,resnet50,,,3,cosine_warmup,4.18708393e-05,0.0433749304736,,adamw,3.0,,
208,,crlm,2,,0.0003643767773,,0.0872845609543,2.0,3,densenet,,gelu,,25.0,0.2024549557472,5,warmup,0.0004518472768,0.3388963391283,False,adamw,,densenet201,35.0
209,,crlm,2,2.0,0.0006697517739,True,0.0384788770173,,4,resnet,1.5431682899595,relu,resnet34,,,4,warmup,0.0001932746238,0.0110646822409,,adamw,5.0,,
210,,crlm,2,,0.0066633539186,,0.1599073539478,3.0,3,densenet,,gelu,,17.0,0.176506361089,3,warmup,5.2084821e-06,0.0193664242062,False,sgd,,densenet121,55.0
211,,crlm,2,2.0,0.0041200002752,True,0.1933437909836,,2,resnet,1.88181494568,relu,resnet34,,,4,warmup,6.335232e-06,0.0997647679111,,adamw,3.0,,
212,,crlm,1,1.0,1.03456108e-05,False,0.0370633873024,,4,resnet,1.4817862902435,relu,resnet50,,,5,warmup,9.74493058e-05,0.3423721816177,,sgd,4.0,,
213,,crlm,1,2.0,0.0009879791628,True,0.1868962329945,,3,resnet,1.86170400056,leakyrelu,resnet50,,,5,warmup,1.40963025e-05,0.25115101901,,adam,4.0,,
214,,crlm,1,,0.0004114125682,,0.0945613514357,1.0,3,densenet,,gelu,,26.0,0.0357508554951,2,warmup,0.0004571484964,0.2445573242284,False,sgd,,densenet169,61.0
215,,crlm,1,2.0,6.81850213e-05,True,0.1395185349122,,3,resnet,1.6013257198526,relu,resnet18,,,5,cosine_warmup,0.0002352677964,0.2387843382048,,adam,4.0,,
216,,crlm,2,2.0,0.0002701078713,True,0.1495360910084,,2,resnet,1.3444344326537,relu,resnet34,,,2,warmup,1.1925808e-06,0.09962098007,,sgd,6.0,,
217,,crlm,2,2.0,2.32659492e-05,True,0.1452654300087,,4,resnet,1.2109727707557,relu,resnet50,,,0,cosine_warmup,0.0004426505271,0.2884647918063,,adam,7.0,,
218,,crlm,2,1.0,0.0021561581428,False,0.0737495371109,,4,resnet,1.1958956833024,relu,resnet34,,,1,warmup,0.000374373768,0.3061902384021,,adamw,7.0,,
219,,crlm,1,1.0,0.0007192951707,False,0.1918205491023,,1,resnet,1.1504884958364,leakyrelu,resnet50,,,3,cosine_warmup,1.50684162e-05,0.1246247856271,,sgd,5.0,,
220,,crlm,1,,0.0005698858599,,0.1662603592261,3.0,1,densenet,,leakyrelu,,27.0,0.0033906064798,2,cosine_warmup,0.0007162679871,0.2697674321518,True,sgd,,densenet169,64.0
221,,crlm,2,2.0,0.0006458217762,True,0.0367894717535,,1,resnet,1.8287101860231,gelu,resnet50,,,0,warmup,1.01590174e-05,0.1090314511094,,sgd,5.0,,
222,,crlm,2,2.0,0.0004616079643,True,0.1005201372472,,3,resnet,1.1845036313479,relu,resnet50,,,1,warmup,3.43261664e-05,0.3634846899084,,sgd,7.0,,
223,,crlm,1,2.0,4.35143272e-05,False,0.1179792345021,,4,resnet,1.8455356505092,relu,resnet50,,,0,cosine_warmup,4.5612047e-06,0.2086889234197,,adam,4.0,,
224,,crlm,2,1.0,0.0006930460937,False,0.0164576441475,,3,resnet,1.3971221311867,leakyrelu,resnet50,,,1,warmup,0.0001898401216,0.3364999532115,,adam,6.0,,
225,,crlm,2,,3.10919495e-05,,0.0065322258306,3.0,1,densenet,,gelu,,19.0,0.2216374526974,2,cosine_warmup,3.32925222e-05,0.1306748791722,True,sgd,,densenet121,49.0
226,,crlm,1,,0.0001386940867,,0.0224668310334,3.0,1,densenet,,leakyrelu,,21.0,0.0418957197631,5,warmup,5.74913205e-05,0.2236899221076,False,adam,,densenet201,20.0
227,,crlm,2,,0.0005012882884,,0.1790965669091,4.0,3,densenet,,relu,,18.0,0.0713088911915,0,cosine_warmup,8.10745615e-05,0.3945665786403,True,adamw,,densenet121,63.0
228,,crlm,1,2.0,0.0003131825649,True,0.1370663982336,,3,resnet,1.0815910384114,leakyrelu,resnet34,,,0,warmup,8.9560785e-06,0.0145594801403,,adamw,7.0,,
229,,crlm,2,2.0,0.0010565127482,True,0.0265270852119,,2,resnet,1.6590050166813,gelu,resnet34,,,2,warmup,0.0001187193918,0.2082666111978,,adam,3.0,,
230,,crlm,1,1.0,1.02738612e-05,True,0.0393356485154,,3,resnet,1.0374145708446,leakyrelu,resnet50,,,0,warmup,2.1001248e-05,0.0061459487016,,adamw,6.0,,
231,,crlm,1,2.0,0.0005978590014,True,0.0702566969685,,4,resnet,1.276161690925,leakyrelu,resnet18,,,2,warmup,1.4699287e-06,0.1240001122701,,adam,3.0,,
232,,crlm,1,,6.71212712e-05,,0.0925921643156,1.0,3,densenet,,gelu,,19.0,0.2181855263099,5,cosine_warmup,1.0852028e-06,0.1111946759238,False,adam,,densenet121,55.0
233,,crlm,1,1.0,0.0015265024996,False,0.0402281032223,,2,resnet,1.7686661944171,relu,resnet50,,,2,cosine_warmup,1.1110389e-06,0.2330850570076,,adam,4.0,,
234,,crlm,2,2.0,0.0045452625959,False,0.1655541159233,,1,resnet,1.6303317284345,relu,resnet18,,,5,warmup,5.18722934e-05,0.0837804435827,,adamw,4.0,,
235,,crlm,2,,0.0020114558245,,0.1178078162505,4.0,1,densenet,,leakyrelu,,27.0,0.1952818576393,0,warmup,0.0008189992439,0.2935419287954,False,adam,,densenet121,21.0
236,,crlm,2,2.0,1.53485817e-05,False,0.1316950351921,,4,resnet,1.1930494652466,leakyrelu,resnet50,,,1,cosine_warmup,0.0001506794264,0.126754466107,,adam,3.0,,
237,,crlm,2,1.0,0.0041586941028,False,0.0286959889753,,2,resnet,1.9716694556675,leakyrelu,resnet50,,,2,warmup,2.97223702e-05,0.0825922453833,,sgd,6.0,,
238,,crlm,2,,9.31846519e-05,,0.0389729492708,3.0,4,densenet,,relu,,29.0,0.1249075882009,3,cosine_warmup,1.0350255e-06,0.007469486508,False,sgd,,densenet121,57.0
239,,crlm,2,,0.0003657142169,,0.0394107016105,2.0,4,densenet,,relu,,20.0,0.2001615802813,1,cosine_warmup,2.89940661e-05,0.3849397494524,False,adam,,densenet169,54.0
240,,crlm,2,1.0,0.0002392045425,True,0.0534069622787,,3,resnet,1.4748486625001,gelu,resnet18,,,1,warmup,5.4243248e-06,0.2494526240395,,adamw,7.0,,
241,,crlm,2,,0.0001118881426,,0.1558180794229,3.0,4,densenet,,gelu,,28.0,0.0824235904511,5,cosine_warmup,1.09748892e-05,0.1938690069546,False,adam,,densenet169,20.0
242,,crlm,1,,0.0019735917489,,0.1739500257802,1.0,1,densenet,,relu,,30.0,0.1833254450322,1,warmup,0.0009065217372,0.3533083073103,False,sgd,,densenet121,39.0
243,,crlm,2,,0.0001900925854,,0.0859626366713,4.0,1,densenet,,leakyrelu,,25.0,0.1338915714299,3,cosine_warmup,0.0001228549673,0.3889892241488,False,adam,,densenet169,36.0
244,,crlm,2,,0.0002772999207,,0.0521186952107,1.0,4,densenet,,gelu,,30.0,0.2188065679796,0,warmup,7.15986218e-05,0.366064570891,True,adamw,,densenet169,51.0
245,,crlm,1,2.0,0.0052157354369,True,0.067048748532,,1,resnet,1.7883878604931,leakyrelu,resnet34,,,2,cosine_warmup,2.19814747e-05,0.316364650494,,adamw,7.0,,
246,,crlm,2,,0.0007294961367,,0.0334469270663,1.0,2,densenet,,gelu,,32.0,0.1156898261509,1,warmup,6.31076819e-05,0.140399262208,True,sgd,,densenet169,38.0
247,,crlm,2,2.0,0.0006843514504,True,0.0747639614628,,1,resnet,1.4166992304455,relu,resnet18,,,5,warmup,0.0007936330573,0.0243931448766,,adamw,5.0,,
248,,crlm,2,,5.40131864e-05,,0.1555686316432,3.0,1,densenet,,leakyrelu,,18.0,0.2465287052286,3,cosine_warmup,2.9176923e-06,0.2511645574272,False,adam,,densenet121,57.0
249,,crlm,1,,0.0001325861989,,0.1398019595303,3.0,4,densenet,,gelu,,24.0,0.0800873697362,3,cosine_warmup,2.7645909e-06,0.10792285824,True,adamw,,densenet169,62.0
250,,crlm,1,,0.0060523979335,,0.1184626247391,4.0,2,densenet,,leakyrelu,,28.0,0.2681112108983,2,warmup,0.000141053099,0.2107070589164,False,adamw,,densenet201,25.0
251,,crlm,1,1.0,0.0003552162684,True,0.0842387233553,,2,resnet,1.0410037569192,relu,resnet34,,,3,warmup,0.0008778344211,0.3069808577913,,adamw,5.0,,
252,,crlm,2,1.0,8.1310532e-05,False,0.1872542405265,,2,resnet,1.0846484045803,leakyrelu,resnet50,,,4,warmup,4.99337566e-05,0.2813544498788,,adam,7.0,,
253,,crlm,1,,0.0019544195846,,0.0815144093985,4.0,4,densenet,,leakyrelu,,12.0,0.1539101359524,5,warmup,3.57785276e-05,0.3615935719413,False,adamw,,densenet121,24.0
254,,crlm,1,1.0,4.09652873e-05,False,0.1015137606469,,1,resnet,1.5728334528188,gelu,resnet18,,,0,warmup,0.0003340425833,0.1962903142475,,adamw,7.0,,
255,,crlm,2,,5.17009279e-05,,0.0948663057055,2.0,1,densenet,,gelu,,14.0,0.1441558593782,1,cosine_warmup,0.000858209428,0.1463475129755,True,adamw,,densenet201,32.0
256,,crlm,2,,5.21580378e-05,,0.0229589475007,2.0,1,densenet,,leakyrelu,,14.0,0.2695427427411,0,warmup,0.0002695982314,0.2557602551925,True,adamw,,densenet169,45.0
257,,crlm,2,1.0,0.0008748370758,False,0.0354529865643,,3,resnet,1.035638855977,relu,resnet18,,,1,cosine_warmup,3.90975609e-05,0.2478438052472,,adam,3.0,,
258,,crlm,2,,0.0006198266189,,0.0420767636012,1.0,1,densenet,,leakyrelu,,14.0,0.1746441682571,1,warmup,0.0004771383299,0.1453793257996,True,adam,,densenet201,50.0
259,,crlm,1,2.0,0.0018702842765,False,0.1223403550117,,1,resnet,1.206709024094,gelu,resnet50,,,1,warmup,0.000108702033,0.2496230057989,,sgd,5.0,,
260,,crlm,1,,0.0002497242731,,0.0001420144877,3.0,4,densenet,,leakyrelu,,21.0,0.1585453026595,1,warmup,4.123219e-06,0.1057337105624,True,adamw,,densenet169,49.0
261,,crlm,1,2.0,0.0002547762134,False,0.0508552791362,,4,resnet,1.7882783171836,relu,resnet34,,,0,warmup,2.26688866e-05,0.1451228640486,,adam,3.0,,
262,,crlm,1,,0.0013345299498,,0.1293539183697,4.0,2,densenet,,gelu,,20.0,0.1529692321977,1,cosine_warmup,0.0002537010346,0.3407871234491,False,adam,,densenet169,39.0
263,,crlm,1,1.0,0.0005691686369,True,0.1271918445729,,4,resnet,1.1044529463808,relu,resnet50,,,1,warmup,0.0004459357864,0.1060147657219,,sgd,6.0,,
264,,crlm,2,,1.11390027e-05,,0.085229798536,4.0,2,densenet,,gelu,,19.0,0.0791542570477,3,cosine_warmup,1.45868952e-05,0.3644281097838,True,sgd,,densenet169,53.0
265,,crlm,1,,4.85807971e-05,,0.0775482711429,2.0,3,densenet,,relu,,23.0,0.2858223943179,0,cosine_warmup,8.30777718e-05,0.3149059034145,True,adam,,densenet169,32.0
266,,crlm,1,,0.0081821638683,,0.1623933183441,2.0,3,densenet,,leakyrelu,,15.0,0.0892572842359,3,warmup,6.8875053e-06,0.2278100068266,True,sgd,,densenet201,40.0
267,,crlm,1,,9.75855796e-05,,0.0789093569509,2.0,1,densenet,,leakyrelu,,17.0,0.2188199152017,2,cosine_warmup,5.27933205e-05,0.3692182303322,True,adamw,,densenet121,46.0
268,,crlm,2,,1.84017044e-05,,0.1927460216805,3.0,1,densenet,,relu,,27.0,0.0269401686712,2,warmup,0.0006939224421,0.0366730717981,True,adamw,,densenet121,32.0
269,,crlm,2,,1.75741311e-05,,0.0835499277865,3.0,3,densenet,,leakyrelu,,17.0,0.0333613280099,3,warmup,0.0002058637522,0.0776725190419,True,adam,,densenet201,62.0
270,,crlm,1,1.0,0.0089556539111,True,0.1497873785225,,3,resnet,1.0804370723539,gelu,resnet50,,,3,warmup,0.000631209302,0.1322677272222,,adam,7.0,,
271,,crlm,2,,0.0002064635827,,0.0174934839423,3.0,2,densenet,,leakyrelu,,24.0,0.2197376426175,1,warmup,0.0001284576763,0.2383390323829,False,sgd,,densenet169,35.0
272,,crlm,2,,0.0001424658248,,0.00924686679,3.0,2,densenet,,leakyrelu,,32.0,0.1096947629751,0,cosine_warmup,1.4478713e-06,0.0449127648377,True,sgd,,densenet201,35.0
273,,crlm,1,,3.90442538e-05,,0.143196016667,2.0,2,densenet,,leakyrelu,,25.0,0.134439743901,1,cosine_warmup,4.890243e-06,0.2100428544132,False,adam,,densenet201,30.0
274,,crlm,2,2.0,4.31921614e-05,True,0.1001651911049,,1,resnet,1.4453336427589,gelu,resnet18,,,5,cosine_warmup,1.02907795e-05,0.256350746492,,sgd,4.0,,
275,,crlm,2,1.0,0.0001597788844,True,0.1016827656898,,1,resnet,1.7001597357424,gelu,resnet34,,,2,warmup,1.2579729e-06,0.363659935203,,sgd,4.0,,
276,,crlm,1,,0.0002336963963,,0.0783966267182,1.0,4,densenet,,gelu,,21.0,0.2233384733952,3,cosine_warmup,0.0005275519054,0.0285270513102,False,sgd,,densenet121,44.0
277,,crlm,1,2.0,0.0049582042996,False,0.1660222779281,,1,resnet,1.8335065364351,leakyrelu,resnet34,,,4,cosine_warmup,3.8743054e-06,0.2267328864878,,adam,7.0,,
278,,crlm,1,,0.0002109455379,,0.1370569890359,1.0,3,densenet,,relu,,21.0,0.157020391392,0,warmup,3.4546085e-06,0.1443693883069,True,adamw,,densenet201,41.0
279,,crlm,1,,2.58308734e-05,,0.1616690125821,1.0,4,densenet,,leakyrelu,,16.0,0.299730616329,1,cosine_warmup,1.0991674e-06,0.1784208242199,False,sgd,,densenet169,51.0
280,,crlm,1,,3.70946863e-05,,0.1071202923282,1.0,3,densenet,,gelu,,12.0,0.2955300512867,5,warmup,0.0004578390729,0.3174457344296,False,sgd,,densenet201,32.0
281,,crlm,1,1.0,0.0002544503038,True,0.1083428732907,,1,resnet,1.6114416701744,gelu,resnet18,,,0,cosine_warmup,9.87443322e-05,0.116978483736,,adamw,5.0,,
282,,crlm,2,1.0,0.0033955965566,True,0.189271474488,,2,resnet,1.99233020991,leakyrelu,resnet34,,,5,cosine_warmup,0.0001668703435,0.3062132725962,,adamw,5.0,,
283,,crlm,2,2.0,0.0022290202908,False,0.1907242957016,,1,resnet,1.7468696954701,relu,resnet34,,,1,cosine_warmup,0.0002157251444,0.3877313914529,,adam,5.0,,
284,,crlm,2,2.0,0.0071483363196,True,0.1944946977782,,3,resnet,1.3686204183969,relu,resnet18,,,0,warmup,0.0005561625694,0.3445878995206,,adamw,7.0,,
285,,crlm,1,,0.0003615005433,,0.0258599840224,1.0,2,densenet,,leakyrelu,,28.0,0.1989980691144,3,warmup,2.07729973e-05,0.3814318055388,True,sgd,,densenet201,45.0
286,,crlm,2,2.0,0.0002612995333,True,0.1062362765158,,2,resnet,1.0583023740393,leakyrelu,resnet50,,,2,cosine_warmup,1.11122262e-05,0.1032323933007,,adamw,6.0,,
287,,crlm,1,,4.44204154e-05,,0.0027767751093,4.0,2,densenet,,relu,,13.0,0.0579174000001,2,warmup,0.0002185283051,0.0129193941876,False,sgd,,densenet121,46.0
288,,crlm,2,,0.0009588568763,,0.0135801127777,4.0,1,densenet,,gelu,,15.0,0.2800160504716,1,warmup,8.7849472e-06,0.1812631812514,True,sgd,,densenet169,29.0
289,,crlm,1,1.0,0.0004909526501,True,0.083253512698,,4,resnet,1.2324204234017,leakyrelu,resnet18,,,1,warmup,4.08471044e-05,0.1310509927834,,adamw,7.0,,
290,,crlm,1,2.0,0.0043007106712,False,0.1262313440437,,4,resnet,1.9340187692926,leakyrelu,resnet18,,,4,cosine_warmup,0.0002414402555,0.1389940792667,,adamw,5.0,,
291,,crlm,2,,0.0011399593428,,0.1167531681059,3.0,2,densenet,,leakyrelu,,13.0,0.1236253494801,4,warmup,8.0325203e-06,0.0617106318003,True,adam,,densenet121,48.0
292,,crlm,1,,0.0002015162575,,0.0617109736739,1.0,4,densenet,,relu,,28.0,0.233035985364,0,warmup,0.0009543067119,0.047363475066,True,adam,,densenet121,63.0
293,,crlm,1,,0.0002830485247,,0.0635507006671,3.0,3,densenet,,relu,,19.0,0.1464733669659,3,cosine_warmup,3.1705682e-06,0.1403330394178,False,adam,,densenet169,21.0
294,,crlm,1,1.0,0.0002329014623,False,0.064325666383,,2,resnet,1.9591526808359,gelu,resnet18,,,1,cosine_warmup,2.4636403e-05,0.1177392347835,,adamw,6.0,,
295,,crlm,2,2.0,5.71212434e-05,True,0.1908158222367,,2,resnet,1.3725857416048,relu,resnet18,,,1,warmup,0.000700365783,0.2839590955211,,adam,4.0,,
296,,crlm,2,,0.0013700033596,,0.003384178473,1.0,2,densenet,,gelu,,24.0,0.1122360168652,2,cosine_warmup,1.8884973e-06,0.1649527494968,False,sgd,,densenet169,35.0
297,,crlm,2,2.0,9.32891735e-05,False,0.1111050944565,,4,resnet,1.4124761601453,gelu,resnet50,,,4,warmup,6.6521265e-06,0.3151903362627,,sgd,7.0,,
298,,crlm,1,1.0,2.7549046e-05,False,0.1958117375682,,4,resnet,1.0848326492001,gelu,resnet50,,,2,warmup,1.31035448e-05,0.0890580565786,,adamw,3.0,,
299,,crlm,2,2.0,9.4565473e-05,False,0.1375469844222,,1,resnet,1.8802178253406,gelu,resnet50,,,4,warmup,3.9261127e-06,0.3041233526864,,adam,5.0,,
300,,crlm,2,,2.37011526e-05,,0.1419640747613,1.0,4,densenet,,relu,,16.0,0.2096038474965,0,cosine_warmup,1.6163782e-06,0.3357266601581,False,adam,,densenet169,20.0
301,,crlm,1,2.0,0.0002392431408,False,0.1831355485834,,3,resnet,1.1720737484995,gelu,resnet34,,,1,cosine_warmup,0.0006264705465,0.0338139963186,,adamw,6.0,,
302,,crlm,1,,0.0002453436116,,0.1388582093738,1.0,3,densenet,,gelu,,15.0,0.1343389915399,4,cosine_warmup,0.000289439186,0.149968999552,True,adamw,,densenet121,21.0
303,,crlm,1,2.0,0.0011623337821,True,0.1339965524268,,3,resnet,1.7486913663843,relu,resnet50,,,1,warmup,1.9247814e-06,0.0603539243453,,adamw,6.0,,
304,,crlm,2,1.0,0.0096925057314,True,0.1097122112531,,1,resnet,1.1807084234129,leakyrelu,resnet18,,,2,cosine_warmup,0.0006352863919,0.0574844842489,,adamw,5.0,,
305,,crlm,2,,0.0091637052501,,0.069331452302,2.0,1,densenet,,gelu,,28.0,0.0690214755105,2,cosine_warmup,8.8007067e-06,0.2686485688477,False,adamw,,densenet121,46.0
306,,crlm,2,,0.0034640844287,,0.0633992205488,3.0,1,densenet,,leakyrelu,,15.0,0.0270004102757,1,cosine_warmup,3.07741975e-05,0.1977640170327,False,sgd,,densenet201,24.0
307,,crlm,1,,6.56090746e-05,,0.1233590810053,2.0,3,densenet,,relu,,21.0,0.0941070980915,0,warmup,4.1307377e-06,0.1448842149989,True,adam,,densenet201,17.0
308,,crlm,2,1.0,0.0017683639511,True,0.1080714852325,,2,resnet,1.998433167995,gelu,resnet18,,,3,warmup,1.5350068e-06,0.3541150731997,,adam,6.0,,
309,,crlm,2,2.0,0.0053206313754,True,0.065301613759,,4,resnet,1.2254851318663,gelu,resnet50,,,0,warmup,1.1276265e-06,0.2845247650938,,sgd,7.0,,
310,,crlm,2,1.0,0.0040795489041,True,0.0999869709606,,3,resnet,1.6150483800645,relu,resnet18,,,4,cosine_warmup,8.2057689e-05,0.1006825673776,,adamw,3.0,,
311,,crlm,2,,0.0016531280852,,0.0879792476314,2.0,3,densenet,,leakyrelu,,17.0,0.2499444517542,0,cosine_warmup,8.5040867e-06,0.2637535440551,True,sgd,,densenet121,41.0
312,,crlm,2,2.0,0.0011735033316,True,0.1245190635209,,4,resnet,1.7168831703711,gelu,resnet18,,,4,warmup,7.0293888e-06,0.036441032521,,adamw,3.0,,
313,,crlm,1,2.0,0.0024220198794,True,0.1791648957736,,4,resnet,1.1243784832523,relu,resnet34,,,5,warmup,5.8089707e-06,0.1474860913199,,sgd,7.0,,
314,,crlm,1,2.0,6.25167454e-05,True,0.1697125898766,,2,resnet,1.7963620611657,leakyrelu,resnet18,,,5,warmup,4.643009e-06,0.2627008303927,,adam,3.0,,
315,,crlm,2,,0.0008997994122,,0.1360760507365,1.0,1,densenet,,relu,,20.0,0.2481971812156,4,cosine_warmup,7.9379167e-06,0.3293430182583,True,adam,,densenet201,32.0
316,,crlm,1,1.0,0.0063306103468,False,0.1294370047878,,3,resnet,1.5761179478966,leakyrelu,resnet50,,,2,cosine_warmup,1.816921e-06,0.0289443501236,,adam,3.0,,
317,,crlm,2,,0.0008639872984,,0.0798463720359,1.0,3,densenet,,gelu,,29.0,0.2552567522323,1,warmup,0.0007166851614,0.0900473776688,True,adamw,,densenet121,29.0
318,,crlm,2,,0.000318051307,,0.0473903993286,4.0,3,densenet,,leakyrelu,,28.0,0.1486708465442,3,warmup,4.2283226e-06,0.1258022321077,False,adam,,densenet121,39.0
319,,crlm,1,2.0,4.04517008e-05,True,0.1772686291914,,4,resnet,1.6491922121549,leakyrelu,resnet18,,,5,warmup,0.000199867696,0.0483928482772,,adam,4.0,,
320,,crlm,1,,0.0026014084214,,0.0284724610803,1.0,3,densenet,,gelu,,24.0,0.0614498936929,1,cosine_warmup,0.0001085519579,0.3629796833722,True,adamw,,densenet121,55.0
321,,crlm,2,1.0,0.0001896881731,False,0.1686369193584,,4,resnet,1.7975791309235,leakyrelu,resnet50,,,0,warmup,1.0493777e-06,0.0140543150208,,adam,4.0,,
322,,crlm,2,2.0,7.21843666e-05,True,0.161196169352,,4,resnet,1.8505745519912,gelu,resnet34,,,2,warmup,0.0001001804465,0.3882693586316,,adam,6.0,,
323,,crlm,1,,9.7376419e-05,,0.0108733002141,3.0,1,densenet,,gelu,,28.0,0.2664654360343,5,cosine_warmup,5.86742173e-05,0.0140482294201,False,adamw,,densenet169,18.0
324,,crlm,1,1.0,0.0013080540759,True,0.0594254583102,,3,resnet,1.7925919407956,gelu,resnet18,,,5,cosine_warmup,0.0001397744054,0.269464073486,,adam,7.0,,
325,,crlm,2,1.0,0.0042494622668,True,0.0884371712791,,4,resnet,1.0051346858962,gelu,resnet50,,,4,warmup,0.0001486895695,0.0642022337815,,adamw,3.0,,
326,,crlm,1,1.0,0.0003342670966,True,0.183879346774,,1,resnet,1.2458689842559,leakyrelu,resnet18,,,3,warmup,0.0001411702913,0.0604443072115,,adam,7.0,,
327,,crlm,1,1.0,0.0001646803363,False,0.0596961897151,,4,resnet,1.3147886558088,gelu,resnet34,,,4,cosine_warmup,2.19271127e-05,0.0598721669112,,sgd,6.0,,
328,,crlm,1,,1.4812756e-05,,0.0432506901859,1.0,1,densenet,,leakyrelu,,13.0,0.211887577661,1,cosine_warmup,1.02976373e-05,0.3018806078419,False,adamw,,densenet201,57.0
329,,crlm,2,,0.0010057575122,,0.1667927020691,3.0,2,densenet,,gelu,,27.0,0.2213947587646,2,cosine_warmup,1.19613601e-05,0.3842539246252,True,sgd,,densenet169,43.0
330,,crlm,1,,0.0001963994226,,0.0762298057987,1.0,3,densenet,,leakyrelu,,32.0,0.1253526828995,1,cosine_warmup,1.0698394e-06,0.0278079769476,False,adam,,densenet121,25.0
331,,crlm,1,1.0,0.0099028297301,True,0.1876247359498,,2,resnet,1.9235732379006,gelu,resnet18,,,1,cosine_warmup,5.87008184e-05,0.3143081433206,,sgd,3.0,,
332,,crlm,2,,0.0033767685633,,0.1995646295803,4.0,1,densenet,,leakyrelu,,30.0,0.0442726786889,0,cosine_warmup,0.0002914715054,0.2328504376206,False,sgd,,densenet169,48.0
333,,crlm,2,,0.0002635550408,,0.094236472724,3.0,3,densenet,,gelu,,16.0,0.2077124734561,3,warmup,3.7260359e-06,0.3920538742786,True,adamw,,densenet201,21.0
334,,crlm,2,,8.97953304e-05,,0.1684581224053,4.0,1,densenet,,leakyrelu,,21.0,0.0069559959517,0,cosine_warmup,0.0004362572855,0.0179330156605,True,adam,,densenet121,34.0
335,,crlm,1,,0.0002343480974,,0.1494502507659,2.0,3,densenet,,gelu,,22.0,0.2655734660091,0,cosine_warmup,5.77405602e-05,0.2917911920379,True,adamw,,densenet201,58.0
336,,crlm,1,,0.000174151136,,0.0185490187102,2.0,3,densenet,,relu,,14.0,0.0612957167124,3,cosine_warmup,4.7877753e-06,0.3846889092277,False,sgd,,densenet169,41.0
337,,crlm,2,1.0,4.69487386e-05,True,0.1894262884101,,1,resnet,1.9548159896251,relu,resnet34,,,5,warmup,1.7681529e-06,0.0490395264772,,adam,5.0,,
338,,crlm,1,1.0,0.0004127671714,True,0.0103492099149,,2,resnet,1.880125218146,gelu,resnet18,,,1,warmup,6.78207207e-05,0.0373724813274,,adamw,7.0,,
339,,crlm,2,1.0,0.0003466962159,False,0.03331571562,,3,resnet,1.2570839288151,gelu,resnet18,,,2,warmup,9.8519457e-06,0.254538423348,,adam,3.0,,
340,,crlm,2,1.0,1.67120816e-05,False,0.0685096924084,,4,resnet,1.6880767925836,leakyrelu,resnet18,,,5,warmup,1.89783053e-05,0.1028797850664,,sgd,7.0,,
341,,crlm,1,2.0,3.26302812e-05,True,0.0875015377483,,1,resnet,1.4429894371708,leakyrelu,resnet18,,,2,warmup,6.6215365e-06,0.3202031959331,,adam,6.0,,
342,,crlm,2,,0.0007927105369,,0.0627622794163,3.0,1,densenet,,leakyrelu,,27.0,0.0004541829871,2,cosine_warmup,1.20731634e-05,0.2503819751397,True,sgd,,densenet201,48.0
343,,crlm,1,,0.0009673766774,,0.0791949941366,1.0,2,densenet,,leakyrelu,,14.0,0.2560492451657,2,cosine_warmup,0.0001159784832,0.3731034412739,True,sgd,,densenet201,18.0
344,,crlm,2,1.0,0.0001993608067,False,0.1468427215056,,1,resnet,1.8440973661493,gelu,resnet34,,,4,warmup,1.82833669e-05,0.3267508155667,,adam,5.0,,
345,,crlm,2,,0.0001855670931,,0.0418479246309,2.0,4,densenet,,leakyrelu,,22.0,0.2403296631002,1,warmup,4.5710756e-06,0.2132336449541,True,adamw,,densenet201,36.0
346,,crlm,2,2.0,0.0012454498237,True,0.043906987988,,2,resnet,1.8493854331947,leakyrelu,resnet50,,,1,cosine_warmup,1.46950158e-05,0.2587262046161,,adamw,5.0,,
347,,crlm,1,2.0,1.42147686e-05,False,0.0682130996829,,4,resnet,1.742604508134,leakyrelu,resnet18,,,1,warmup,1.0725014e-06,0.0186474727928,,adamw,7.0,,
348,,crlm,2,2.0,0.0003865617692,True,0.0016215998876,,2,resnet,1.8947558228341,relu,resnet50,,,5,warmup,1.5916371e-06,0.1019923400463,,adamw,4.0,,
349,,desmoid,2,1.0,0.0001341352107,True,0.03428059225,,4,resnet,1.9180182032093,gelu,resnet34,,,4,warmup,7.3313477e-06,0.3332600423947,,adamw,3.0,,
350,,desmoid,2,2.0,0.0012646310258,False,0.1934130078915,,4,resnet,1.7225966044388,leakyrelu,resnet50,,,1,cosine_warmup,4.0818107e-06,0.3901809088751,,sgd,6.0,,
351,,desmoid,1,1.0,0.000415427504,False,0.1707722849427,,3,resnet,1.4172903673665,leakyrelu,resnet34,,,2,warmup,0.0002126518502,0.1885923175503,,adamw,5.0,,
352,,desmoid,1,,0.002662999219,,0.0112543852649,3.0,1,densenet,,gelu,,20.0,0.2111828725684,1,cosine_warmup,1.1376765e-06,0.1115580398487,False,adam,,densenet201,37.0
353,,desmoid,2,,1.06098444e-05,,0.0081200713498,1.0,4,densenet,,gelu,,31.0,0.121024116227,4,cosine_warmup,0.0002756386965,0.1819119251459,False,adamw,,densenet169,62.0
354,,desmoid,1,,1.35395515e-05,,0.013520636533,2.0,1,densenet,,relu,,13.0,0.1366976140809,5,warmup,2.01377268e-05,0.2220590781783,False,adam,,densenet169,49.0
355,,desmoid,1,1.0,0.0006485435389,False,0.051360975777,,2,resnet,1.0901026805538,relu,resnet34,,,4,warmup,5.29814e-06,0.2851958200978,,adamw,5.0,,
356,,desmoid,2,,2.39967023e-05,,0.1848862457684,4.0,1,densenet,,gelu,,18.0,0.1161740910352,4,warmup,6.5830852e-06,0.3358204556763,True,sgd,,densenet121,27.0
357,,desmoid,2,1.0,1.38662333e-05,False,0.072152069088,,2,resnet,1.3733467353035,gelu,resnet34,,,5,cosine_warmup,0.0003712482535,0.0528753987529,,adam,5.0,,
358,,desmoid,1,,0.0069852937495,,0.0961302362272,3.0,3,densenet,,gelu,,27.0,0.1415505950243,0,cosine_warmup,0.0003371021195,0.2860146034734,True,adam,,densenet201,31.0
359,,desmoid,1,,0.0001393583233,,0.0583069453789,1.0,4,densenet,,gelu,,28.0,0.1465522558878,0,warmup,8.99300837e-05,0.1444773458845,True,adam,,densenet201,48.0
360,,desmoid,2,,0.0004047840941,,0.1843353097448,3.0,1,densenet,,relu,,20.0,0.2283844785884,3,warmup,0.0001006829976,0.0540410936721,True,adam,,densenet121,38.0
361,,desmoid,2,1.0,0.0002496617995,False,0.1110493824947,,4,resnet,1.1926625463484,relu,resnet18,,,4,warmup,0.0004497816742,0.3277338274406,,adamw,3.0,,
362,,desmoid,2,,2.29171506e-05,,0.1407569993344,4.0,4,densenet,,gelu,,12.0,0.1858643182271,4,warmup,6.787455e-05,0.2954202127307,True,adam,,densenet169,45.0
363,,desmoid,1,2.0,9.86796477e-05,False,0.1911376399764,,4,resnet,1.0975720915513,relu,resnet50,,,4,cosine_warmup,0.0002978517733,0.2465279868142,,sgd,6.0,,
364,,desmoid,2,,0.0007905126082,,0.0119159038917,2.0,4,densenet,,gelu,,15.0,0.1848327371395,3,warmup,0.0002190339291,0.3331011446611,True,sgd,,densenet121,31.0
365,,desmoid,1,1.0,0.0006238697086,True,0.1319978219359,,1,resnet,1.944388909168,leakyrelu,resnet34,,,5,cosine_warmup,0.0006057995672,0.2838849844267,,sgd,6.0,,
366,,desmoid,1,2.0,0.0017126640573,True,0.1042646886377,,1,resnet,1.9293293301112,leakyrelu,resnet18,,,2,warmup,6.8555664e-06,0.0720440001461,,adam,4.0,,
367,,desmoid,1,2.0,6.85923219e-05,True,0.0507992062872,,4,resnet,1.5977162155508,relu,resnet18,,,4,warmup,7.14200107e-05,0.0373581071659,,adam,3.0,,
368,,desmoid,2,,0.0031029442868,,0.1855844796464,4.0,4,densenet,,gelu,,17.0,0.1393047297158,0,cosine_warmup,0.000279297017,0.2516384197735,False,adamw,,densenet169,60.0
369,,desmoid,2,,0.0001945601204,,0.0553688365291,2.0,1,densenet,,gelu,,28.0,0.1584554207305,5,warmup,3.7972359e-06,0.0215886360558,True,sgd,,densenet121,38.0
370,,desmoid,1,1.0,4.90913585e-05,True,0.0288649495701,,1,resnet,1.2208757735473,relu,resnet50,,,2,cosine_warmup,5.6292597e-06,0.3600298552329,,sgd,4.0,,
371,,desmoid,2,2.0,0.0071907155124,False,0.1412685059492,,4,resnet,1.752108640442,relu,resnet34,,,4,warmup,4.2980861e-05,0.2774662438614,,adam,5.0,,
372,,desmoid,1,2.0,4.26217965e-05,False,0.0490013500166,,2,resnet,1.1304801227508,leakyrelu,resnet34,,,4,cosine_warmup,4.39009597e-05,0.069780081422,,adam,6.0,,
373,,desmoid,2,2.0,0.000333651323,False,0.1848510780245,,3,resnet,1.6443382520213,leakyrelu,resnet34,,,5,warmup,0.0001619523448,0.1034058755471,,adamw,6.0,,
374,,desmoid,1,,0.0043254258893,,0.0385611112963,4.0,2,densenet,,relu,,16.0,0.0487310123318,1,warmup,0.0007457324252,0.1614006498345,True,sgd,,densenet169,46.0
375,,desmoid,2,,0.0029569881717,,0.0671997547045,2.0,1,densenet,,relu,,17.0,0.0086279981936,3,cosine_warmup,4.48047156e-05,0.0388384166762,True,adamw,,densenet169,56.0
376,,desmoid,2,1.0,0.0070848633065,False,0.0859476744205,,1,resnet,1.9357470154102,gelu,resnet18,,,1,cosine_warmup,0.0002534894779,0.1862121444822,,sgd,7.0,,
377,,desmoid,2,,0.001077364393,,0.0746800270883,1.0,1,densenet,,relu,,17.0,0.2557778121646,1,cosine_warmup,5.0983693e-06,0.0582410373162,False,adam,,densenet169,24.0
378,,desmoid,1,,0.0008325576876,,0.005726898786,4.0,4,densenet,,relu,,12.0,0.0255794307982,0,warmup,0.0003387190883,0.1058686848192,False,adam,,densenet121,33.0
379,,desmoid,1,2.0,0.0007247456944,True,0.0700172187997,,4,resnet,1.0008788361393,relu,resnet34,,,3,warmup,0.0003445983782,0.0140254048411,,sgd,7.0,,
380,,desmoid,1,,0.0015452119059,,0.076255988257,4.0,2,densenet,,relu,,23.0,0.2330583941608,1,cosine_warmup,0.0009841112125,0.3652334479913,True,adamw,,densenet201,52.0
381,,desmoid,2,2.0,0.0002293173738,True,0.1084771406406,,3,resnet,1.8469206275088,leakyrelu,resnet50,,,2,cosine_warmup,6.05597194e-05,0.0250009222145,,adamw,4.0,,
382,,desmoid,2,2.0,0.0001049968274,True,0.1620614535373,,1,resnet,1.9200201038609,gelu,resnet34,,,3,cosine_warmup,4.03530205e-05,0.3502415431226,,adam,4.0,,
383,,desmoid,1,,0.0003636011144,,0.1134527032424,1.0,1,densenet,,gelu,,15.0,0.1888034198187,4,cosine_warmup,1.2160919e-06,0.1901327005154,True,adamw,,densenet201,38.0
384,,desmoid,2,1.0,1.14878406e-05,False,0.0456559150572,,4,resnet,1.1702119185197,gelu,resnet34,,,5,warmup,3.97346509e-05,0.0394776087788,,adam,6.0,,
385,,desmoid,2,2.0,0.0015820327065,True,0.0713742970682,,4,resnet,1.8986758463517,relu,resnet18,,,3,warmup,0.0008156724726,0.1925978007325,,sgd,5.0,,
386,,desmoid,1,2.0,8.27622537e-05,False,0.035418779847,,3,resnet,1.5729595454807,gelu,resnet18,,,5,warmup,0.0001074641062,0.0993328305909,,adamw,5.0,,
387,,desmoid,2,2.0,0.0026258639862,True,0.0426895802077,,2,resnet,1.608407518815,leakyrelu,resnet50,,,5,cosine_warmup,7.47828908e-05,0.0597753141814,,adam,4.0,,
388,,desmoid,1,,0.0006644311209,,0.1967918716116,3.0,2,densenet,,leakyrelu,,19.0,0.2588681880808,3,cosine_warmup,0.0001026051879,0.3236363177607,True,adamw,,densenet201,32.0
389,,desmoid,2,1.0,5.51739382e-05,False,0.1757050765255,,1,resnet,1.699530232151,leakyrelu,resnet34,,,5,cosine_warmup,1.3500218e-06,0.3156640066731,,adam,6.0,,
390,,desmoid,1,,0.0054375504383,,0.0340899770007,2.0,2,densenet,,leakyrelu,,19.0,0.0161269926113,0,warmup,1.18248341e-05,0.3716872877547,True,adam,,densenet169,28.0
391,,desmoid,2,,0.0069680470378,,0.131379617198,2.0,4,densenet,,relu,,12.0,0.1645820389763,0,cosine_warmup,1.59919322e-05,0.0075117286569,False,adam,,densenet169,60.0
392,,desmoid,1,,0.0003015613906,,0.0979568239965,4.0,2,densenet,,relu,,18.0,0.1037429635765,2,warmup,1.5714518e-06,0.3302845189571,True,sgd,,densenet169,54.0
393,,desmoid,2,,0.0054120578483,,0.0427457690582,2.0,3,densenet,,relu,,19.0,0.2263762827433,3,cosine_warmup,0.0002873746536,0.3487936904845,True,adamw,,densenet201,29.0
394,,desmoid,2,,0.0001542137788,,0.0724478616917,4.0,4,densenet,,gelu,,27.0,0.2788701832864,3,cosine_warmup,2.42349225e-05,0.2133688674325,True,adam,,densenet169,50.0
395,,desmoid,1,,3.48458561e-05,,0.0488312107903,1.0,4,densenet,,relu,,29.0,0.0954710977219,0,warmup,0.0004162952651,0.2310632228495,True,sgd,,densenet201,17.0
396,,desmoid,2,,0.0015783066659,,0.0505909705552,1.0,4,densenet,,leakyrelu,,25.0,0.154145930533,3,cosine_warmup,2.712236e-06,0.0831787944041,True,sgd,,densenet169,51.0
397,,desmoid,2,2.0,2.43512804e-05,True,0.0927635779941,,4,resnet,1.7517997793058,gelu,resnet50,,,4,cosine_warmup,9.40220152e-05,0.0721482126309,,sgd,7.0,,
398,,desmoid,2,,0.0002054475613,,0.1877017775565,1.0,1,densenet,,gelu,,31.0,0.1253096317868,4,cosine_warmup,8.05363844e-05,0.3480856406267,True,adamw,,densenet169,61.0
399,,desmoid,2,,0.000582265819,,0.0831381956918,4.0,1,densenet,,leakyrelu,,17.0,0.275390103261,2,warmup,0.0005651871606,0.0479665796222,False,sgd,,densenet121,41.0
400,,desmoid,1,,0.0049228126932,,0.1364682629283,3.0,2,densenet,,leakyrelu,,31.0,0.0778677674437,2,cosine_warmup,2.20273973e-05,0.2379702093286,False,adamw,,densenet169,17.0
401,,desmoid,1,2.0,2.38399702e-05,True,0.1261187978608,,2,resnet,1.251978383428,relu,resnet18,,,3,warmup,0.0005943712784,0.0869050344388,,adamw,5.0,,
402,,desmoid,1,,2.59305079e-05,,0.1789746188449,4.0,4,densenet,,leakyrelu,,17.0,0.1690081683783,5,cosine_warmup,1.27763197e-05,0.1050492969277,True,adamw,,densenet201,52.0
403,,desmoid,1,,0.0009014727497,,0.1483526376545,2.0,3,densenet,,relu,,16.0,0.0645244303427,1,warmup,8.4862262e-05,0.0092818454743,False,adamw,,densenet201,38.0
404,,desmoid,2,,4.1150047e-05,,0.0314639090672,4.0,3,densenet,,gelu,,18.0,0.0232441771615,1,warmup,3.05888696e-05,0.2705537444861,True,adamw,,densenet169,34.0
405,,desmoid,2,,0.0005576478441,,0.021372215276,3.0,3,densenet,,leakyrelu,,18.0,0.0156174385855,1,warmup,2.70899977e-05,0.2241227620234,True,sgd,,densenet169,19.0
406,,desmoid,2,,1.3193902e-05,,0.1247780033191,3.0,1,densenet,,gelu,,19.0,0.2271167274644,4,warmup,0.0001854534005,0.1192325105076,False,adamw,,densenet201,60.0
407,,desmoid,2,,1.16417544e-05,,0.1318116449687,4.0,2,densenet,,gelu,,15.0,0.2219695832672,1,cosine_warmup,9.57014427e-05,0.1676964952567,False,sgd,,densenet169,54.0
408,,desmoid,2,2.0,4.33877109e-05,False,0.1668669832416,,1,resnet,1.2407023805237,leakyrelu,resnet34,,,2,cosine_warmup,3.5482596e-06,0.1877110849228,,adam,3.0,,
409,,desmoid,1,,5.09685421e-05,,0.0605986063086,4.0,4,densenet,,relu,,22.0,0.153445967053,5,cosine_warmup,2.2371994e-06,0.1357075350194,True,adam,,densenet169,35.0
410,,desmoid,1,2.0,0.0036699206793,True,0.0274469583171,,3,resnet,1.6602608994158,leakyrelu,resnet50,,,4,warmup,1.0467083e-05,0.377014414675,,adamw,3.0,,
411,,desmoid,2,,0.0011401535968,,0.1726796676959,1.0,1,densenet,,relu,,22.0,0.2590057699763,2,warmup,6.66835396e-05,0.3233313431547,False,adam,,densenet169,60.0
412,,desmoid,2,,0.0002086647381,,0.1856881208287,2.0,3,densenet,,gelu,,29.0,0.0961145664068,0,warmup,0.0001937161234,0.367367645269,True,adamw,,densenet201,52.0
413,,desmoid,2,,0.000312108748,,0.1880624397376,1.0,4,densenet,,leakyrelu,,32.0,0.1213059630648,1,warmup,1.284301e-06,0.0065135438238,True,adam,,densenet201,35.0
414,,desmoid,1,,0.0039580284008,,0.0150181863876,2.0,3,densenet,,leakyrelu,,26.0,0.0994652570429,2,cosine_warmup,2.5504577e-06,0.3146749776608,True,sgd,,densenet201,24.0
415,,desmoid,2,,0.0007066940793,,0.0999694081813,3.0,2,densenet,,leakyrelu,,19.0,0.1829535154408,1,warmup,0.0001986237867,0.1887055676292,False,adam,,densenet201,22.0
416,,desmoid,1,,1.40993344e-05,,0.1385153398266,2.0,2,densenet,,gelu,,31.0,0.2619754662205,2,warmup,3.02913944e-05,0.3559681501484,False,adam,,densenet201,56.0
417,,desmoid,1,,0.0004161976568,,0.1502032434308,2.0,3,densenet,,leakyrelu,,25.0,0.2347110974891,5,cosine_warmup,0.0004676341052,0.311248618503,True,sgd,,densenet121,56.0
418,,desmoid,2,1.0,0.0017925511592,True,0.094658946371,,3,resnet,1.8287894270077,leakyrelu,resnet18,,,1,warmup,1.08310742e-05,0.2170171818373,,adam,7.0,,
419,,desmoid,1,,1.32767314e-05,,0.033810334527,2.0,3,densenet,,relu,,23.0,0.2175332289515,3,cosine_warmup,1.4162137e-06,0.2081072029844,False,sgd,,densenet121,39.0
420,,desmoid,2,,9.57040041e-05,,0.0506931842543,2.0,3,densenet,,relu,,25.0,0.2035901582668,5,warmup,5.47614638e-05,0.3939333743602,False,sgd,,densenet121,50.0
421,,desmoid,2,,0.0008485135277,,0.0546002969682,4.0,2,densenet,,relu,,22.0,0.0752377643891,3,cosine_warmup,0.0004227024047,0.2942889997828,False,adamw,,densenet169,39.0
422,,desmoid,1,1.0,0.0031217953673,True,0.0852216729143,,4,resnet,1.0392413288809,gelu,resnet50,,,5,warmup,2.17864912e-05,0.010395084391,,sgd,5.0,,
423,,desmoid,1,,0.0001867264925,,0.0081896704917,1.0,1,densenet,,gelu,,25.0,0.00750052362,5,warmup,2.6621189e-06,0.0654193900526,True,adam,,densenet121,28.0
424,,desmoid,2,1.0,0.000602909636,False,0.0948542105598,,1,resnet,1.9147425667667,gelu,resnet34,,,2,cosine_warmup,0.0003453056423,0.2508619551688,,adam,5.0,,
425,,desmoid,2,1.0,0.000249323589,False,0.0653995877935,,4,resnet,1.7507436982272,relu,resnet50,,,0,warmup,5.64608278e-05,0.2343312533547,,sgd,4.0,,
426,,desmoid,1,,2.71312853e-05,,0.1775673434665,1.0,1,densenet,,leakyrelu,,31.0,0.165187004919,4,cosine_warmup,6.5318906e-06,0.0832500996656,True,adam,,densenet201,53.0
427,,desmoid,1,1.0,1.20637115e-05,False,0.046156775538,,1,resnet,1.9786852197606,relu,resnet18,,,1,cosine_warmup,3.8564549e-06,0.1468928221557,,adamw,7.0,,
428,,desmoid,2,1.0,1.09046434e-05,False,0.0794620605646,,4,resnet,1.4547935616097,relu,resnet34,,,2,warmup,6.6811538e-06,0.312817346901,,adam,4.0,,
429,,desmoid,2,,0.0012226324594,,0.1796148828519,4.0,3,densenet,,relu,,26.0,0.2424953008884,2,warmup,0.0001224120872,0.082481349376,False,adamw,,densenet201,39.0
430,,desmoid,2,,6.0161247e-05,,0.1472517758729,4.0,3,densenet,,relu,,26.0,0.112486522035,3,warmup,0.0006145097576,0.080750271941,False,adam,,densenet169,31.0
431,,desmoid,2,,8.66546348e-05,,0.1695867921307,1.0,1,densenet,,leakyrelu,,14.0,0.2837132897785,3,warmup,3.2853632e-06,0.2152300297494,True,adamw,,densenet121,30.0
432,,desmoid,2,1.0,6.18442292e-05,False,0.063007932503,,1,resnet,1.7827474929221,gelu,resnet18,,,3,warmup,0.0001185954652,0.0527418203547,,adam,6.0,,
433,,desmoid,2,1.0,0.0005172958987,False,0.0584920012255,,3,resnet,1.8667284959471,relu,resnet18,,,4,cosine_warmup,5.88814481e-05,0.3803128103232,,adam,4.0,,
434,,desmoid,2,2.0,0.000681660764,False,0.1476471858109,,2,resnet,1.4017302386722,relu,resnet18,,,2,warmup,1.2210702e-06,0.1989880625384,,sgd,6.0,,
435,,desmoid,2,1.0,0.0064552953217,True,0.0423417402301,,2,resnet,1.2429206292076,gelu,resnet50,,,0,warmup,2.0025295e-06,0.1688379494212,,sgd,6.0,,
436,,desmoid,1,,3.01608377e-05,,0.1066575778361,2.0,1,densenet,,gelu,,28.0,0.0531517939786,0,cosine_warmup,0.0003476104579,0.1223830550629,True,adam,,densenet169,62.0
437,,desmoid,2,,0.0025640116421,,0.1211062259058,1.0,3,densenet,,relu,,30.0,0.191471733877,3,warmup,0.0001905756286,0.197028523732,False,adam,,densenet169,35.0
438,,desmoid,1,2.0,0.0001616930363,False,0.0593716634976,,3,resnet,1.5152514028162,gelu,resnet18,,,4,warmup,0.000455455797,0.0686103907206,,adam,5.0,,
439,,desmoid,2,,0.0015154610068,,0.1194749600459,3.0,1,densenet,,gelu,,23.0,0.0804194060831,0,warmup,4.8362486e-05,0.0458777030584,False,adam,,densenet169,48.0
440,,desmoid,1,,1.65894755e-05,,0.0577417876481,3.0,1,densenet,,leakyrelu,,20.0,0.1365898241421,3,warmup,7.2520002e-06,0.0981406508901,True,adamw,,densenet121,16.0
441,,desmoid,1,,6.99870973e-05,,0.0775053100644,4.0,4,densenet,,gelu,,24.0,0.0047932190327,1,warmup,0.0006075769672,0.3608123959014,False,sgd,,densenet121,64.0
442,,desmoid,1,,0.0019255183553,,0.0597749245174,2.0,1,densenet,,relu,,20.0,0.2330143909094,1,cosine_warmup,1.4091513e-05,0.1191648197462,False,adam,,densenet121,57.0
443,,desmoid,1,2.0,0.0041327445782,True,0.1517320849291,,2,resnet,1.9373427228355,leakyrelu,resnet18,,,5,warmup,4.1955498e-06,0.393742452744,,sgd,4.0,,
444,,desmoid,2,,3.49949105e-05,,0.023476459556,2.0,1,densenet,,relu,,23.0,0.0025697482483,4,cosine_warmup,8.76116199e-05,0.3769210685507,False,sgd,,densenet169,40.0
445,,desmoid,1,2.0,0.0018162399953,False,0.0696177742558,,1,resnet,1.2760604966686,leakyrelu,resnet34,,,1,cosine_warmup,1.70604446e-05,0.0368275636251,,adamw,5.0,,
446,,desmoid,1,,0.0009677178719,,0.0700863559195,1.0,3,densenet,,relu,,21.0,0.036119311979,0,warmup,0.0003912724535,0.1286085402242,False,sgd,,densenet201,32.0
447,,desmoid,1,2.0,2.66806931e-05,True,0.0427417120006,,4,resnet,1.7101289546185,leakyrelu,resnet34,,,2,cosine_warmup,4.3641661e-06,0.0865268650821,,sgd,4.0,,
448,,desmoid,2,2.0,0.0004769541578,True,0.0924407972224,,1,resnet,1.1874833035487,relu,resnet18,,,4,cosine_warmup,7.0134e-06,0.3468499662176,,adam,4.0,,
449,,desmoid,1,,0.0004236266014,,0.1217533997156,2.0,2,densenet,,relu,,24.0,0.0931835055302,4,cosine_warmup,4.7543693e-06,0.3515389798813,False,adamw,,densenet121,18.0
450,,desmoid,1,1.0,0.000591308382,True,0.1286469101887,,1,resnet,1.0815121661654,leakyrelu,resnet34,,,3,warmup,7.23509255e-05,0.3583600361704,,adamw,4.0,,
451,,desmoid,1,,1.02064024e-05,,0.1358391579778,3.0,3,densenet,,relu,,26.0,0.1552157837499,0,cosine_warmup,1.5103496e-05,0.2536551463536,True,sgd,,densenet169,39.0
452,,desmoid,1,,0.0031891106629,,0.0447480979149,2.0,3,densenet,,gelu,,15.0,0.0319618981407,3,warmup,2.9991317e-05,0.3102821247133,True,adamw,,densenet121,56.0
453,,desmoid,2,1.0,2.61954735e-05,False,0.06804810178,,3,resnet,1.0847982383284,leakyrelu,resnet18,,,4,warmup,3.60262468e-05,0.1331031965311,,adamw,3.0,,
454,,desmoid,1,1.0,0.0001868235365,True,0.0210936749858,,4,resnet,1.2212213262443,gelu,resnet34,,,1,warmup,4.7188399e-06,0.3227710045745,,adamw,3.0,,
455,,desmoid,1,2.0,9.06648052e-05,True,0.1115718339858,,2,resnet,1.5792614638,relu,resnet50,,,2,warmup,2.5559444e-06,0.1224527189077,,sgd,3.0,,
456,,desmoid,2,1.0,0.0001104974167,False,0.0497663819876,,2,resnet,1.7256835882921,relu,resnet18,,,1,warmup,0.0001195395214,0.2431774853064,,sgd,4.0,,
457,,desmoid,2,,0.0005715178335,,0.098665901878,1.0,3,densenet,,relu,,30.0,0.2922473360742,4,warmup,5.65646736e-05,0.2498673627988,True,adam,,densenet121,51.0
458,,desmoid,2,,6.876004e-05,,0.063003311276,3.0,1,densenet,,gelu,,17.0,0.1580500052942,5,warmup,2.39957542e-05,0.0791580742139,False,adamw,,densenet121,60.0
459,,desmoid,2,2.0,0.0012015967922,False,0.0872784618848,,3,resnet,1.0443745259069,leakyrelu,resnet34,,,1,warmup,1.30600047e-05,0.107042167561,,adamw,4.0,,
460,,desmoid,2,,2.02322007e-05,,0.1026931149765,3.0,1,densenet,,leakyrelu,,29.0,0.2753931892242,2,cosine_warmup,3.7660737e-05,0.0784082106555,True,adam,,densenet169,43.0
461,,desmoid,1,2.0,0.0001963037098,False,0.004170942875,,4,resnet,1.5917575764235,gelu,resnet18,,,4,warmup,1.6217692e-06,0.2095229815303,,adam,6.0,,
462,,desmoid,1,,3.49713335e-05,,0.1231783527346,4.0,4,densenet,,relu,,27.0,0.1738108990418,2,warmup,0.0004110201323,0.3781647930812,False,sgd,,densenet169,17.0
463,,desmoid,2,,5.61698435e-05,,0.1236175902683,3.0,4,densenet,,leakyrelu,,18.0,0.2181233771248,3,warmup,5.05063078e-05,0.0487412521484,True,adamw,,densenet201,22.0
464,,desmoid,1,1.0,0.0002672514294,False,0.1095336610158,,4,resnet,1.0897221269025,leakyrelu,resnet18,,,3,cosine_warmup,2.9914406e-06,0.2277875595305,,adamw,6.0,,
465,,desmoid,1,,0.0002367493495,,0.124521115681,2.0,3,densenet,,leakyrelu,,31.0,0.1408501400485,3,warmup,0.0006156949967,0.2099547579793,False,adamw,,densenet201,25.0
466,,gist,1,2.0,9.37729732e-05,True,0.0602419133452,,2,resnet,1.3994256777554,leakyrelu,resnet34,,,2,warmup,1.0204964e-06,0.3304342658133,,adam,3.0,,
467,,gist,1,2.0,0.0082472914951,False,0.1719052153862,,2,resnet,1.4189153609995,gelu,resnet34,,,4,warmup,1.46775767e-05,0.3254201596904,,adam,6.0,,
468,,gist,2,1.0,4.57720307e-05,True,0.192517653611,,4,resnet,1.2092166593014,gelu,resnet34,,,2,cosine_warmup,0.0003681926651,0.0174862635835,,adamw,7.0,,
469,,gist,2,,1.00676e-05,,0.0962178555878,2.0,4,densenet,,relu,,20.0,0.0282710824828,4,warmup,1.50538967e-05,0.0053976579339,True,adam,,densenet201,41.0
470,,gist,2,,4.72838042e-05,,0.1667734024646,1.0,4,densenet,,gelu,,14.0,0.0954527521197,0,warmup,6.72183385e-05,0.1988603476559,False,sgd,,densenet201,53.0
471,,gist,1,,0.0001305025249,,0.1629613306864,2.0,2,densenet,,gelu,,24.0,0.2862575236881,5,cosine_warmup,4.98263345e-05,0.2295739557068,False,adam,,densenet169,55.0
472,,gist,2,2.0,0.0012694279166,True,0.0806641266667,,3,resnet,1.9245908565311,gelu,resnet50,,,4,warmup,4.09278274e-05,0.3123896877452,,adam,4.0,,
473,,gist,1,,0.0046038989727,,0.1278611799436,1.0,1,densenet,,leakyrelu,,30.0,0.1182176824767,4,cosine_warmup,2.7051112e-06,0.0042273613238,True,sgd,,densenet201,63.0
474,,gist,2,,0.0003008284196,,0.1523950769305,3.0,1,densenet,,leakyrelu,,19.0,0.2546618310638,4,warmup,0.0001910058211,0.2421390660834,True,sgd,,densenet169,62.0
475,,gist,2,,5.39963475e-05,,0.0411729575333,1.0,3,densenet,,relu,,31.0,0.2348702427151,4,warmup,2.94058661e-05,0.3942695497473,False,adam,,densenet169,62.0
476,,gist,2,,0.0013723480172,,0.0182968747416,3.0,2,densenet,,leakyrelu,,20.0,0.2614072105863,4,warmup,4.7480955e-06,0.3137553891832,False,adam,,densenet169,17.0
477,,gist,1,,0.0010066084009,,0.0947372549363,1.0,1,densenet,,relu,,26.0,0.0734871447575,2,warmup,0.0003136233627,0.1750588995167,True,adamw,,densenet201,20.0
478,,gist,2,,0.0010226678505,,0.181913239903,1.0,1,densenet,,relu,,23.0,0.2141609060466,4,warmup,1.65960731e-05,0.2354764340003,False,adamw,,densenet169,42.0
479,,gist,2,,5.00654198e-05,,0.1409859393329,2.0,1,densenet,,gelu,,15.0,0.0331367728969,4,warmup,1.0588755e-06,0.0473710082725,True,sgd,,densenet121,53.0
480,,gist,1,1.0,0.00600908014,True,0.1864361894863,,2,resnet,1.429444714472,relu,resnet18,,,3,warmup,5.7762882e-06,0.0663467356928,,adam,4.0,,
481,,gist,2,,0.0001849822596,,0.0219154475376,4.0,3,densenet,,gelu,,23.0,0.0890033782172,3,warmup,2.49912807e-05,0.1891989218123,True,adamw,,densenet201,49.0
482,,gist,2,,6.14321385e-05,,0.1006518656493,4.0,2,densenet,,gelu,,15.0,0.1207181010909,0,cosine_warmup,0.0003059618751,0.394534891753,False,sgd,,densenet121,31.0
483,,gist,1,,0.0041336787513,,0.0275216702185,3.0,4,densenet,,gelu,,19.0,0.2990448181387,0,cosine_warmup,3.9455272e-06,0.2501359276097,True,sgd,,densenet201,62.0
484,,gist,1,,2.32731813e-05,,0.1357304306551,3.0,2,densenet,,leakyrelu,,13.0,0.2362875422028,5,warmup,2.91680777e-05,0.2329967568371,True,adamw,,densenet121,37.0
485,,gist,2,,0.0003598773902,,0.1298169153851,1.0,1,densenet,,gelu,,16.0,0.0310570065998,4,warmup,9.32474946e-05,0.3317467532795,True,adam,,densenet169,43.0
486,,gist,2,,0.0016496812558,,0.073170023841,3.0,1,densenet,,gelu,,25.0,0.1827780031314,0,warmup,1.8051944e-06,0.1949153362099,False,sgd,,densenet169,35.0
487,,gist,2,2.0,1.55700152e-05,True,0.0430701617287,,1,resnet,1.7785990258908,relu,resnet18,,,5,warmup,0.0002573520987,0.155909125112,,adam,4.0,,
488,,gist,2,2.0,0.0004878996599,True,0.1921719523474,,4,resnet,1.0189111435189,gelu,resnet34,,,2,cosine_warmup,0.0001818431719,0.3463289126479,,sgd,5.0,,
489,,gist,2,2.0,0.0040616833019,False,0.0059442445301,,4,resnet,1.4297920768355,leakyrelu,resnet50,,,1,cosine_warmup,0.0001155861191,0.3889746256481,,adamw,4.0,,
490,,gist,2,2.0,1.29442779e-05,True,0.1350981918295,,3,resnet,1.2060649419293,gelu,resnet34,,,2,cosine_warmup,0.0007595736259,0.2341566268273,,sgd,7.0,,
491,,gist,1,1.0,0.0008049555675,True,0.068600764581,,2,resnet,1.148015023293,relu,resnet34,,,3,cosine_warmup,0.0001968926386,0.3944957321959,,adamw,7.0,,
492,,gist,2,1.0,0.0022032558532,False,0.0415004107795,,3,resnet,1.3529556998337,relu,resnet18,,,5,warmup,1.3640979e-06,0.3371399902356,,adamw,6.0,,
493,,gist,2,1.0,0.0007152269887,False,0.0372555650644,,2,resnet,1.4077095259847,leakyrelu,resnet18,,,2,cosine_warmup,0.0001273897213,0.1107100309135,,adam,6.0,,
494,,gist,1,1.0,0.0074419517005,False,0.1824010574521,,3,resnet,1.7557018448405,leakyrelu,resnet18,,,1,cosine_warmup,7.93589695e-05,0.2995697255026,,sgd,5.0,,
495,,gist,2,,0.0006201660596,,0.0014777980226,3.0,4,densenet,,gelu,,13.0,0.2271287968084,5,warmup,2.3690459e-06,0.271302784527,False,adam,,densenet121,58.0
496,,gist,1,,0.0054670148303,,0.1951111165169,3.0,1,densenet,,leakyrelu,,26.0,0.1372213455217,5,warmup,7.16424127e-05,0.1551181343223,False,sgd,,densenet201,31.0
497,,gist,1,,0.0001042387839,,0.1021217776703,3.0,2,densenet,,relu,,29.0,0.1510060562657,4,cosine_warmup,3.1283963e-06,0.0790645354284,True,adamw,,densenet201,59.0
498,,gist,1,,4.06989358e-05,,0.0018457538207,2.0,2,densenet,,gelu,,26.0,0.0866675917692,0,cosine_warmup,3.6387757e-06,0.2974175277142,True,adamw,,densenet169,59.0
499,,gist,2,1.0,0.0007744923134,False,0.1538711117685,,4,resnet,1.7677763533152,gelu,resnet34,,,2,warmup,3.2447543e-05,0.0230530048815,,sgd,6.0,,
500,,gist,1,,0.0001239729638,,0.1067418938487,4.0,4,densenet,,leakyrelu,,17.0,0.2251257082333,3,cosine_warmup,0.0009078058569,0.1712964335161,True,adam,,densenet121,17.0
501,,gist,2,,1.58257456e-05,,0.0753159935999,4.0,1,densenet,,leakyrelu,,16.0,0.2717077306763,2,cosine_warmup,0.0003556570303,0.0386965369814,True,adamw,,densenet121,26.0
502,,gist,2,,0.0025150762645,,0.0485129985816,1.0,3,densenet,,relu,,29.0,0.0048639317427,2,cosine_warmup,0.0002775060225,0.2510027887218,False,adam,,densenet169,36.0
503,,gist,2,2.0,2.1737759e-05,True,0.1255635912424,,3,resnet,1.2415648040638,leakyrelu,resnet34,,,2,cosine_warmup,1.4021095e-06,0.0405160402944,,adamw,6.0,,
504,,gist,2,,8.56996297e-05,,0.0770583680995,1.0,2,densenet,,leakyrelu,,15.0,0.213508896734,1,cosine_warmup,1.0660638e-06,0.2320444961994,True,sgd,,densenet201,35.0
505,,gist,1,,0.0001753200149,,0.1163745298649,4.0,4,densenet,,gelu,,31.0,0.2747113299896,4,cosine_warmup,0.0002160067431,0.0319661385338,True,adamw,,densenet169,62.0
